source_name,source_username,expert_units_net,expert_record_win,expert_record_loss,expert_record_push,market_type,bet_label,line,odds,stake_units,units_type,prop_name,notes,game_id,league,pick_id,expert_id,created_at,updated_at,scraped_at,source_url,unique_key
Stuck 🚨,Stuckey2,-2.857,46,52,1,total,H.Henry o37.5 Rec Yds,37.5,-110,0.25,unit,Rec Yds,Some Henry sprinkles. Good matchup for many reasons. Will talk about on pod and in written preview. ,284635,nfl,530529404,49763,2026-01-27T15:23:00.113Z,2026-01-27T15:23:00.113Z,2026-02-06T19:38:15+00:00,https://www.actionnetwork.com/_next/data/gTrZYK5vb77eiGJDZHqrW/nfl-game/seahawks-patriots-score-odds-february-8-2026/284635.json?league=nfl-game&slug=seahawks-patriots-score-odds-february-8-2026&gameId=284635,872df31681354f75f54d532555e02864b084dd4d4c45f3416a8b457c2a5204b2
Stuck 🚨,Stuckey2,-2.857,46,52,1,total,H.Henry o3.5 Recs,3.5,-104,0.2,unit,Recs,,284635,nfl,530529405,49763,2026-01-27T15:23:00.113Z,2026-01-27T15:23:00.113Z,2026-02-06T19:38:15+00:00,https://www.actionnetwork.com/_next/data/gTrZYK5vb77eiGJDZHqrW/nfl-game/seahawks-patriots-score-odds-february-8-2026/284635.json?league=nfl-game&slug=seahawks-patriots-score-odds-february-8-2026&gameId=284635,3b8888261b87cbbdc803c7e33ad0d1899196ea61a5e19b2b37580e8d67d9cc2f
Stuck 🚨,Stuckey2,-2.857,46,52,1,total,H.Henry o16.5 Longest Reception,16.5,-125,0.2,unit,Longest Reception,,284635,nfl,530529406,49763,2026-01-27T15:23:00.113Z,2026-01-27T15:23:00.113Z,2026-02-06T19:38:15+00:00,https://www.actionnetwork.com/_next/data/gTrZYK5vb77eiGJDZHqrW/nfl-game/seahawks-patriots-score-odds-february-8-2026/284635.json?league=nfl-game&slug=seahawks-patriots-score-odds-february-8-2026&gameId=284635,9477d23fba351b798e8c7e5dd599f6c4cb7976cf37ef0006c1f6c84a131d4ba7
Stuck 🚨,Stuckey2,-2.857,46,52,1,unknown,Stefon Diggs (3Q) Over 5.5 Rec Yds,5.5,-112,0.15,unit,Custom Picks,Like this look from @The_Oddsmaker ,284635,nfl,531580068,49763,2026-02-03T20:44:56.830Z,2026-02-03T20:44:56.830Z,2026-02-06T19:38:15+00:00,https://www.actionnetwork.com/_next/data/gTrZYK5vb77eiGJDZHqrW/nfl-game/seahawks-patriots-score-odds-february-8-2026/284635.json?league=nfl-game&slug=seahawks-patriots-score-odds-february-8-2026&gameId=284635,94f7fbc58cc5985ff08b6771af1f48e14c499f5c86db0ab24b8c92dcc4f00d02
Stuck 🚨,Stuckey2,-2.857,46,52,1,props,SEA u25.5,25.5,-113,0.45,unit,,,284635,nfl,531716372,49763,2026-02-04T19:52:06.089Z,2026-02-04T19:52:06.089Z,2026-02-06T19:38:15+00:00,https://www.actionnetwork.com/_next/data/gTrZYK5vb77eiGJDZHqrW/nfl-game/seahawks-patriots-score-odds-february-8-2026/284635.json?league=nfl-game&slug=seahawks-patriots-score-odds-february-8-2026&gameId=284635,ae2eec56b06e1492b8d74eb65a3142b4beeddf8f9fbd8407cfb2428ec7fb54e5
Mike McNamara,mikemcnamara33,-7.0184999999999995,47,78,1,props,SEA u25.5,25.5,-120,0.6,unit,,,284635,nfl,531860666,52262,2026-02-05T20:11:36.652Z,2026-02-05T20:11:36.652Z,2026-02-06T19:38:15+00:00,https://www.actionnetwork.com/_next/data/gTrZYK5vb77eiGJDZHqrW/nfl-game/seahawks-patriots-score-odds-february-8-2026/284635.json?league=nfl-game&slug=seahawks-patriots-score-odds-february-8-2026&gameId=284635,3ef20e3abe583b54c0a867b12598ded1aa9577680c2693824abf8baf94c4e9dc
Sean Zerillo,Zerillo,-0.22180000000000022,30,39,0,unknown,SEA -218,-218,-218,2.18,unit,,,284635,nfl,530394470,105764,2026-01-26T03:09:00.822Z,2026-01-26T03:09:00.822Z,2026-02-06T19:38:15+00:00,https://www.actionnetwork.com/_next/data/gTrZYK5vb77eiGJDZHqrW/nfl-game/seahawks-patriots-score-odds-february-8-2026/284635.json?league=nfl-game&slug=seahawks-patriots-score-odds-february-8-2026&gameId=284635,2af7571fcbe9c28986d1a655a0587e6f26820df168d3f72a01fd8d80cad40da4
Chris Raybon,ChrisRaybon,2.1995000000000005,13,9,0,total,C.Kupp u3.5 Recs,3.5,-160,1,unit,Recs,"3 or less in 12-of-18g (66.7%).

NE D 4.9 sched-adj Tar/g to WR2s T-4th-fewest.",284635,nfl,531579556,130683,2026-02-03T20:40:52.606Z,2026-02-03T20:40:52.606Z,2026-02-06T19:38:15+00:00,https://www.actionnetwork.com/_next/data/gTrZYK5vb77eiGJDZHqrW/nfl-game/seahawks-patriots-score-odds-february-8-2026/284635.json?league=nfl-game&slug=seahawks-patriots-score-odds-february-8-2026&gameId=284635,f096ae1e09a8e8435ad2e57d232983746f6b2e5961d70a6341e5c9f7cd389a67
Chris Raybon,ChrisRaybon,2.1995000000000005,13,9,0,total,R.Shaheed u5.5 Rush Yds,5.5,-115,1,unit,Rush Yds,"2 or less in 16 of 20g overall, 5 or less in 7 of 11 with SEA. 5 carries in 1st 4g with SEA, but 5 in his last 7g including 3g with 0 carries. Only 13 of 29 (44.8%) career carries have gone for more than 5, including only 5 of 12 this season (41.7%)",284635,nfl,530572951,130683,2026-01-27T21:27:31.081Z,2026-01-27T21:27:31.081Z,2026-02-06T19:38:15+00:00,https://www.actionnetwork.com/_next/data/gTrZYK5vb77eiGJDZHqrW/nfl-game/seahawks-patriots-score-odds-february-8-2026/284635.json?league=nfl-game&slug=seahawks-patriots-score-odds-february-8-2026&gameId=284635,78bb334f1a14c5eaa587f5c70b57747a1c463da9c013da113d97a6df4f8c824b
Chris Raybon,ChrisRaybon,2.1995000000000005,13,9,0,unknown,K. Walker No TD,0,150,1,unit,Custom Picks,"NE D 1.2% rush TD rate in 15g w/ DT Milton Williams (4.7% w/o), including 2 TD on 262 RB carries (0.8%).",284635,nfl,531730339,130683,2026-02-04T21:35:51.503Z,2026-02-04T21:35:51.503Z,2026-02-06T19:38:15+00:00,https://www.actionnetwork.com/_next/data/gTrZYK5vb77eiGJDZHqrW/nfl-game/seahawks-patriots-score-odds-february-8-2026/284635.json?league=nfl-game&slug=seahawks-patriots-score-odds-february-8-2026&gameId=284635,18e86c5a62109c3d795079ee398d49ade381f90ede4b0b36aab5132874b27e8a
Chris Raybon,ChrisRaybon,2.1995000000000005,13,9,0,unknown,J. Smith-Njigba Super Bowl LX MVP  ,0,550,1,unit,Custom Picks,"If SEA wins and everyone lands around median outcome, JSN wins (possibly even w/o TD if game is low-scoring enough). 

Prop-implied stat lines:

JSN 7 rec, 93 yd, 1 TD

Darnold 20-29, 228 yd, 2 TD, 1 INT

JSN projects to account for ~40% of Darnold’s pass yardage. 


",284635,nfl,531734115,130683,2026-02-04T21:58:03.962Z,2026-02-04T21:58:03.961Z,2026-02-06T19:38:15+00:00,https://www.actionnetwork.com/_next/data/gTrZYK5vb77eiGJDZHqrW/nfl-game/seahawks-patriots-score-odds-february-8-2026/284635.json?league=nfl-game&slug=seahawks-patriots-score-odds-february-8-2026&gameId=284635,82e55487944872583b526ecf7bd77d82e7206395fa4ab6adb71ace0bed8891da
Chris Raybon,ChrisRaybon,2.1995000000000005,13,9,0,total,D.Maye o36.5 Rush Yds,36.5,-117,1,unit,Rush Yds,"#SundaySixPack 

6.6 car, 38.9 rush yd (5.9 YPC) w/ 41+ in 4-of-7g post-bye vs. 6.2-24.5 (3.9) w/ 31 or less in 10-of-13g pre-bye.

SEA D 6.5% scramble rate allowed 6th-highest. 

Maye 10.4% scramble rate with rookie LT Will Campbell + rookie LG Jared Wilson both active vs. 8.7% when one/both miss.",284635,nfl,531728315,130683,2026-02-04T21:21:42.590Z,2026-02-04T21:21:42.590Z,2026-02-06T19:38:15+00:00,https://www.actionnetwork.com/_next/data/gTrZYK5vb77eiGJDZHqrW/nfl-game/seahawks-patriots-score-odds-february-8-2026/284635.json?league=nfl-game&slug=seahawks-patriots-score-odds-february-8-2026&gameId=284635,b944caee496638b1b800286d01c6b4be33bdffb7dd05c0f79c75a69aaa15023e
Chris Raybon,ChrisRaybon,2.1995000000000005,13,9,0,total,D.Maye o35.5 Rush Yds,35.5,-114,1,unit,Rush Yds,"6.6 car, 38.9 rush yd (5.9 YPC) w/ 41+ in 4-of-7g post-bye vs. 6.2-24.5 (3.9) w/ 31 or less in 10-of-13g pre-bye.

SEA D 6.5% scramble rate allowed 6th-highest. 

Maye 10.4% scramble rate with rookie LT Will Campbell + rookie LG Jared Wilson both active vs. 8.7% when one/both miss.",284635,nfl,530559910,130683,2026-01-27T19:51:29.407Z,2026-01-27T19:51:29.407Z,2026-02-06T19:38:15+00:00,https://www.actionnetwork.com/_next/data/gTrZYK5vb77eiGJDZHqrW/nfl-game/seahawks-patriots-score-odds-february-8-2026/284635.json?league=nfl-game&slug=seahawks-patriots-score-odds-february-8-2026&gameId=284635,c856e96de856a55eb914e4f5145559a156de9b1907604368ac725d28d106ff70
Chris Raybon,ChrisRaybon,2.1995000000000005,13,9,0,ml,D.Maye Player To Have Most Rushing Yards Yes,0,750,1,unit,Player To Have Most Rushing Yards,"SEA D #1 rush DVOA, 3.6 YPC, 73.5 YPG to RB. 

NE D 3.2 YPC, 52.8 yd/g to RB in 15g with Milton Williams.

Maye 3g of 62+ including 65 in CC, 66 in WC could be enough ",284635,nfl,530884475,130683,2026-01-29T22:30:22.323Z,2026-01-29T22:30:22.323Z,2026-02-06T19:38:15+00:00,https://www.actionnetwork.com/_next/data/gTrZYK5vb77eiGJDZHqrW/nfl-game/seahawks-patriots-score-odds-february-8-2026/284635.json?league=nfl-game&slug=seahawks-patriots-score-odds-february-8-2026&gameId=284635,63620079ef3efca0d33697100d3476c809e8771e738081824bf1e5c24a0ec6ba
Chris Raybon,ChrisRaybon,2.1995000000000005,13,9,0,total,K.Walker u84.5 Rush Yds,84.5,-114,1,unit,Rush Yds,"NE D 3.2 YPC, 52.8 yd/g to RB in 15g with Milton Williams.

Walker 19-62 last week vs LAR D allowing 4.1 YPC, 87.1 YPG to RB.",284635,nfl,530396919,130683,2026-01-26T03:36:34.728Z,2026-01-26T03:36:34.728Z,2026-02-06T19:38:15+00:00,https://www.actionnetwork.com/_next/data/gTrZYK5vb77eiGJDZHqrW/nfl-game/seahawks-patriots-score-odds-february-8-2026/284635.json?league=nfl-game&slug=seahawks-patriots-score-odds-february-8-2026&gameId=284635,dcb7207440d7c7e46e530d0ef8d7a97c06919130457c4f8c78ff5ce6dc3b0e55
Chris Raybon,ChrisRaybon,2.1995000000000005,13,9,0,total,K.Walker u73.5 Rush Yds,73.5,-110,1,unit,Rush Yds,"#SundaySixPack 

NE D 3.2 YPC, 52.8 yd/g to RB in 15g with Milton Williams.

Walker 19-62 last week vs LAR D allowing 4.1 YPC, 87.1 YPG to RB.",284635,nfl,531728314,130683,2026-02-04T21:21:42.590Z,2026-02-04T21:21:42.590Z,2026-02-06T19:38:15+00:00,https://www.actionnetwork.com/_next/data/gTrZYK5vb77eiGJDZHqrW/nfl-game/seahawks-patriots-score-odds-february-8-2026/284635.json?league=nfl-game&slug=seahawks-patriots-score-odds-february-8-2026&gameId=284635,2862667463f454f26f139188f5fb369686d1939e4d838fc293c94ed4040a95c5
Chris Raybon,ChrisRaybon,2.1995000000000005,13,9,0,total,E.Arroyo o0.5 Recs,0.5,-110,1,unit,Recs,Has been TE2 in every game active and bet voids if inactive. 1+ rec in 9-of-13 (69%) active.,284635,nfl,530995472,130683,2026-01-30T20:25:25.240Z,2026-01-30T20:25:25.240Z,2026-02-06T19:38:15+00:00,https://www.actionnetwork.com/_next/data/gTrZYK5vb77eiGJDZHqrW/nfl-game/seahawks-patriots-score-odds-february-8-2026/284635.json?league=nfl-game&slug=seahawks-patriots-score-odds-february-8-2026&gameId=284635,683e089c0316d1151a6a9ab1dd7cada9adda5cec18a906a966dba120e9d1b0e9
Chris Raybon,ChrisRaybon,2.1995000000000005,13,9,0,total,D.Maye o0.5 Int,0.5,-120,1,unit,Int,"INT in all 3 losses and 9-of-13g (69%) w/ 24+ pass attempts.

SEA D INT in 12-of-19g (63%), 2.9% INT% (8th), 4.2% TO-worthy (6th).",284635,nfl,530995471,130683,2026-01-30T20:25:25.240Z,2026-01-30T20:25:25.240Z,2026-02-06T19:38:15+00:00,https://www.actionnetwork.com/_next/data/gTrZYK5vb77eiGJDZHqrW/nfl-game/seahawks-patriots-score-odds-february-8-2026/284635.json?league=nfl-game&slug=seahawks-patriots-score-odds-february-8-2026&gameId=284635,1827cc9cfa81dd329b9c4ad530b1206712d587c8bfe3ca329209f2cfa9b27f1d
Chris Raybon,ChrisRaybon,2.1995000000000005,13,9,0,total,D.Douglas o9.5 Rec Yds,9.5,-110,1,unit,Rec Yds,"1.8 rec, 29.6 yd, 10+ rec yd in 12-of-16g (75%) since Oct after 5 rec, 13 yards total (3.3/g) in 4g in Sep. 

10.0% TarMS tied/trailing vs 8.4% leading.",284635,nfl,531579554,130683,2026-02-03T20:40:52.606Z,2026-02-03T20:40:52.606Z,2026-02-06T19:38:15+00:00,https://www.actionnetwork.com/_next/data/gTrZYK5vb77eiGJDZHqrW/nfl-game/seahawks-patriots-score-odds-february-8-2026/284635.json?league=nfl-game&slug=seahawks-patriots-score-odds-february-8-2026&gameId=284635,afba9bdd794a1669dd8ca66f85018d0ea8da7c46cd698246599c2d058a7b1c69
Chris Raybon,ChrisRaybon,2.1995000000000005,13,9,0,ml,J.Smith-Njigba Anytime TD Scorer Yes,0,-105,1,unit,Anytime TD Scorer,"TD in 10-of-19 (52.6%). 

NE D 22 pass TD (85%), 4 rush TD (15%) in 15g w/ Milton Williams. 

70% of rec TD allowed by NE have gone to WRs.",284635,nfl,531579555,130683,2026-02-03T20:40:52.606Z,2026-02-03T20:40:52.606Z,2026-02-06T19:38:15+00:00,https://www.actionnetwork.com/_next/data/gTrZYK5vb77eiGJDZHqrW/nfl-game/seahawks-patriots-score-odds-february-8-2026/284635.json?league=nfl-game&slug=seahawks-patriots-score-odds-february-8-2026&gameId=284635,5717cff6b089288de403015fed22b32e90582a6d4eb908a5e7d6ebf8851ea4a3
Chris Raybon,ChrisRaybon,2.1995000000000005,13,9,0,props,SEA u106.5 Rush Yds,-110,-106,1,unit,Custom Picks,"NE D 80.6 rush YPG in 15g w/ Milton Williams.

NE D 87 or less rush yd in 11-of-15g (73%) w/ Williams, 111+ in 5-of-5g w/o.",284635,nfl,531729261,130683,2026-02-04T21:28:20.324Z,2026-02-04T21:28:20.324Z,2026-02-06T19:38:15+00:00,https://www.actionnetwork.com/_next/data/gTrZYK5vb77eiGJDZHqrW/nfl-game/seahawks-patriots-score-odds-february-8-2026/284635.json?league=nfl-game&slug=seahawks-patriots-score-odds-february-8-2026&gameId=284635,62017cd084803b637fdd5299916ed0b5d63b6902db7ae9b5b10762996cc2ab06
Chris Raybon,ChrisRaybon,2.1995000000000005,13,9,0,unknown,T.Henderson 50+ Rushing Yards Yes,50,950,1,unit,50+ Rushing Yards,"53+ rush yd in 9-of-20 (45%), 32 or less in the rest.

4 carries of 52+ so not dead even if usage doesn’t rebound.",284635,nfl,530884673,130683,2026-01-29T22:31:19.003Z,2026-01-29T22:31:19.003Z,2026-02-06T19:38:15+00:00,https://www.actionnetwork.com/_next/data/gTrZYK5vb77eiGJDZHqrW/nfl-game/seahawks-patriots-score-odds-february-8-2026/284635.json?league=nfl-game&slug=seahawks-patriots-score-odds-february-8-2026&gameId=284635,6592e06b9b188d85b73927c85c05a1fe600a7de0711ff708f1db172cae56ca1e
Sean Koerner,The_Oddsmaker,1.3372,33,29,0,total,R.Stevenson u56.5 Rush Yds,56.5,-115,0.58,unit,Rush Yds,"Rhamondre has certainly been on fire over the last four games heading into the Super Bowl, but I think we could see a dip in both his volume and efficiency in the big game.

First, let’s talk about volume. The Patriots have won six straight games and went 14–3 in the regular season, and as a result, they’ve played with the lead 62% of the time this season. That’s allowed them to lean on the run at a higher rate due to game script. However, they still ranked 5th in pass rate over expected, so if they ever do get into a trailing script, we could see their designed rush attempt volume to RBs specifically plummet.

We also saw TreVeyon Henderson essentially phased out last week, with Rhamondre racking up 25 carries. A lot of that shift likely had to do with the weather and the massive amount of snow we saw in the second half, as the Pats were simply trying to run out the clock and lean on their defense to keep Jarrett Stidham from beating them. As rare 4.5-point underdogs here, I’m projecting the Pats to play with the lead at a 30% lower rate than usual, which is very high for this late in the season. That means I’m projecting their overall dropback rate to go up and their designed rush attempts to go down, with Henderson mixing in closer to his typical role. That leaves Rhamondre projected closer to 13–13.5 rush attempts, making his Under 14.5 rush attempts (current line) very much in play.

The reason I’d rather fade his yardage, though, is that I also expect a dip in efficiency. Rhamondre has been great this year, averaging 4.6 yards per carry, but the Pats have had by far the easiest schedule this season. The Seahawks defense ranks 1st in DVOA and will be his toughest matchup to date.

Stevenson has led the league with a ridiculous 6.9 yards per carry against stacked boxes. However, Seattle uses a stacked box at the 2nd lowest rate in the league and instead tends to use seven defenders in the box at one of the highest rates. When facing seven defenders in the box, Rhamondre’s efficiency plummets, averaging just 3.1 yards per carry, which ranks 45th out of 48 qualified RBs. He also runs inside the tackles at the 4th highest rate, essentially straight into the teeth of the defense, which will make it tougher for him to rack up explosive runs. If he struggles early, we could also see Henderson mix in more, which would further lower Rhamondre’s volume.

I’m projecting him closer to 49.5 rushing yards, with around a 60% chance to stay under 56.5.",284635,nfl,530426981,169842,2026-01-26T17:00:58.603Z,2026-01-26T17:00:58.603Z,2026-02-06T19:38:15+00:00,https://www.actionnetwork.com/_next/data/gTrZYK5vb77eiGJDZHqrW/nfl-game/seahawks-patriots-score-odds-february-8-2026/284635.json?league=nfl-game&slug=seahawks-patriots-score-odds-february-8-2026&gameId=284635,7e5ca1e1481d4218ca4782eb84f64ffffb760fac605eff3d4c596b8b85c6c0d8
Sean Koerner,The_Oddsmaker,1.3372,33,29,0,unknown,Michael Dickson Longest Punt Under 57.5 yards,57.5,-115,0.58,unit,Custom Picks,Gave out on live show (live now!),284635,nfl,531576442,169842,2026-02-03T20:16:43.537Z,2026-02-03T20:16:43.537Z,2026-02-06T19:38:15+00:00,https://www.actionnetwork.com/_next/data/gTrZYK5vb77eiGJDZHqrW/nfl-game/seahawks-patriots-score-odds-february-8-2026/284635.json?league=nfl-game&slug=seahawks-patriots-score-odds-february-8-2026&gameId=284635,898f798b8066712ce09d8651e472db8da91bef82e96f85b0711693143c6605a4
Sean Koerner,The_Oddsmaker,1.3372,33,29,0,unknown,Stefon Diggs (3Q) Over 5.5 Rec Yds,5.5,-112,0.56,unit,Custom Picks,Gave out on live show (live now!). Also love attacking alt overs for this market ,284635,nfl,531579078,169842,2026-02-03T20:37:31.556Z,2026-02-03T20:37:31.556Z,2026-02-06T19:38:15+00:00,https://www.actionnetwork.com/_next/data/gTrZYK5vb77eiGJDZHqrW/nfl-game/seahawks-patriots-score-odds-february-8-2026/284635.json?league=nfl-game&slug=seahawks-patriots-score-odds-february-8-2026&gameId=284635,f59d111b001cf88a7e40ca6ee93c895d71247cc4a0dca48797169f4b1ec803db
Sean Koerner,The_Oddsmaker,1.3372,33,29,0,total,L.Williams o3.5 Tackles + Ast,3.5,125,0.5,unit,Tackles + Ast,Gave out on live prop show. Live now!,284635,nfl,530993426,169842,2026-01-30T20:07:20.308Z,2026-01-30T20:07:20.308Z,2026-02-06T19:38:15+00:00,https://www.actionnetwork.com/_next/data/gTrZYK5vb77eiGJDZHqrW/nfl-game/seahawks-patriots-score-odds-february-8-2026/284635.json?league=nfl-game&slug=seahawks-patriots-score-odds-february-8-2026&gameId=284635,5c7235e353d7f1cd943f394ec9518f9a80820fcfd1036dd74f8cc6ce49a71630
Sean Koerner,The_Oddsmaker,1.3372,33,29,0,total,A.Barner u13.5 Longest Reception,13.5,-118,0.59,unit,Longest Reception,Gave out on live show ,284635,nfl,530993924,169842,2026-01-30T20:12:11.168Z,2026-01-30T20:12:11.168Z,2026-02-06T19:38:15+00:00,https://www.actionnetwork.com/_next/data/gTrZYK5vb77eiGJDZHqrW/nfl-game/seahawks-patriots-score-odds-february-8-2026/284635.json?league=nfl-game&slug=seahawks-patriots-score-odds-february-8-2026&gameId=284635,ce4452090fce631b973e8446846cc47a55ba547d85406100951d3534f5c652e0
Sean Koerner,The_Oddsmaker,1.3372,33,29,0,total,E.Arroyo o0.5 Recs,0.5,-110,0.55,unit,Recs,On this with @ChrisRaybon ,284635,nfl,530994290,169842,2026-01-30T20:15:04.455Z,2026-01-30T20:15:04.455Z,2026-02-06T19:38:15+00:00,https://www.actionnetwork.com/_next/data/gTrZYK5vb77eiGJDZHqrW/nfl-game/seahawks-patriots-score-odds-february-8-2026/284635.json?league=nfl-game&slug=seahawks-patriots-score-odds-february-8-2026&gameId=284635,b3b2c9b389e5abadba3c0464ccb82b63595d7b69e0eb1bfd7d3a00a3d998c763
Sean Koerner,The_Oddsmaker,1.3372,33,29,0,unknown,Hunter Henry Under 4.5 1Q Rec Yds,4.5,-112,0.56,unit,Custom Picks,Gave out of Prop-a-Palooza pod (now up!). Henry has a team low 11% target rate in the 1Q. Just 5 rec in 1Q in 20 games this year. Have him closer to 60% chance to stay under 4.5,284635,nfl,530886771,169842,2026-01-29T22:40:18.356Z,2026-01-29T22:40:18.356Z,2026-02-06T19:38:15+00:00,https://www.actionnetwork.com/_next/data/gTrZYK5vb77eiGJDZHqrW/nfl-game/seahawks-patriots-score-odds-february-8-2026/284635.json?league=nfl-game&slug=seahawks-patriots-score-odds-february-8-2026&gameId=284635,34e1cc75e7c780ad55a3788fcd042d03ac7e0bb6bb972f7d182a1207f5fe797b
Sean Koerner,The_Oddsmaker,1.3372,33,29,0,unknown,Hunter Henry Over 8.5 2Q Rec Yds,8.5,-110,0.55,unit,Custom Picks,Gave out of Prop-a-Palooza pod (now up!). Leads team in targets for the 2Q with a 20% target rate and 21% first read rate. Usually not part of the initial scripted offense to start the game but clearly a much bigger role in the 2Q/4 min/2 min offense. Proj him closer to 11 and a 60% chance he clears 8.5,284635,nfl,530887317,169842,2026-01-29T22:42:54.978Z,2026-01-29T22:42:54.978Z,2026-02-06T19:38:15+00:00,https://www.actionnetwork.com/_next/data/gTrZYK5vb77eiGJDZHqrW/nfl-game/seahawks-patriots-score-odds-february-8-2026/284635.json?league=nfl-game&slug=seahawks-patriots-score-odds-february-8-2026&gameId=284635,b4ef2c2fcbb62c1fdfc34494b60aa467d3cfcf0f9e8fa4f64b290aaaaa499639
Sean Koerner,The_Oddsmaker,1.3372,33,29,0,unknown,Which Quarter will Rhamondre Stevenson have the Most Rushing Yards - Q1,-110,290,0.2,unit,Custom Picks,"Gave out of Prop-a-Palooza pod (now up!). Projecting Rhamondre to have the most rushing yards in the 1Q closer to +170 (note: this market is specific to him, not that he will have the “most rushing yards” in the 1Q). With the Pats potentially ending up in a rare trailing game script, have a higher % of his rush att coming earlier in the game than usual.",284635,nfl,530888548,169842,2026-01-29T22:48:52.343Z,2026-01-29T22:48:52.343Z,2026-02-06T19:38:15+00:00,https://www.actionnetwork.com/_next/data/gTrZYK5vb77eiGJDZHqrW/nfl-game/seahawks-patriots-score-odds-february-8-2026/284635.json?league=nfl-game&slug=seahawks-patriots-score-odds-february-8-2026&gameId=284635,3fb609b796b1d39593b17fc7d092854f5970d1e984117accade9acbb43594f43
Sean Koerner,The_Oddsmaker,1.3372,33,29,0,unknown,Sam Darnold 3Q Rush Yds Under 0.5,0.5,-275,1,unit,Custom Picks,"Gave out on live show. Only has one rush att in the 3Q all season (was an aborted snap that went for 0 yards). Makes sense as the offense will be fairly scripted coming out of half and most of his scrambles come in the 2nd and 4th Q. AJ Barner handling the QB sneak/tush push play limits his upside here.

Quickslip link: https://bit.ly/KOERNERSAM3QRUSH",284635,nfl,530997235,169842,2026-01-30T20:40:55.357Z,2026-01-30T20:40:55.357Z,2026-02-06T19:38:15+00:00,https://www.actionnetwork.com/_next/data/gTrZYK5vb77eiGJDZHqrW/nfl-game/seahawks-patriots-score-odds-february-8-2026/284635.json?league=nfl-game&slug=seahawks-patriots-score-odds-february-8-2026&gameId=284635,2751e39151471a4a60f9c869be33d16ab55bbaa7df71d60d14f4f0c3de7fbacb
Sean Koerner,The_Oddsmaker,1.3372,33,29,0,total,D.Lawrence o0.25 Sacks,0.25,140,0.4,unit,Sacks,Gave out of Prop-a-Palooza pod (now up!). Proj closer to -125,284635,nfl,530893307,169842,2026-01-29T23:08:24.305Z,2026-01-29T23:08:24.305Z,2026-02-06T19:38:15+00:00,https://www.actionnetwork.com/_next/data/gTrZYK5vb77eiGJDZHqrW/nfl-game/seahawks-patriots-score-odds-february-8-2026/284635.json?league=nfl-game&slug=seahawks-patriots-score-odds-february-8-2026&gameId=284635,3bae136235d7c1b0d4db066f65e25dfacc7bd69cdbb20280c4476765d0d6773c
Sean Koerner,The_Oddsmaker,1.3372,33,29,0,total,C.Elliss u6.5 Tackles + Ast,6.5,-118,0.59,unit,Tackles + Ast,"Elliss has only cleared this number in 5 of 18 games this season (28%), so on the surface this line already looks too high. My initial thought was that Robert Spillane’s ankle injury could justify it, since a Spillane absence might boost Elliss’ role. After digging in, that assumption turned out to be wrong.

When Spillane has missed time this season, the Patriots have had Jack Gibbens wear the green dot and take over Spillane’s role, with Jahlani Tavai also seeing an uptick in playing time. Elliss’ role has remained essentially unchanged whether Spillane is active or not, so Spillane’s status for the Super Bowl doesn’t meaningfully impact Elliss’ projection.

Seattle also sets up as a tougher matchup for Elliss to rack up tackles. He’s made a tackle on 20.6% of opponent run plays this season, but that rate is strongly correlated with how often teams run inside. The more inside runs, the higher his tackle rate. The Seahawks already rank 5th lowest in inside run rate, and with Zach Charbonnet done for the season and Kenneth Walker handling most of the workload, I’m projecting Seattle to run inside on just 35% of their attempts. That would rank 3rd lowest league wide, as Walker only runs inside on 33% of his carries, the 4th lowest rate among 49 qualified RBs. Charbonnet was much closer to league average at 49.5%.

As a result, I have Elliss projected for roughly 3 run tackles and around 2.5 tackles on completed passes. His playing time should sit in the 65–70% range regardless of Spillane’s status, which reinforces the idea that this number is simply too high, likely due to the market overvaluing Spillane’s injury.

I’m projecting Elliss closer to 5.8 tackles with around a 62% chance he stays under 6.5. Best price is currently the -118 at betMGM, but still in play at DK/FD/every other book offering tackle props. PrizePicks is offering it as well and would pair it with Leonard Williams Over 3.5 there (my other official tackle prop).",284635,nfl,531710184,169842,2026-02-04T18:55:49.305Z,2026-02-04T18:55:49.305Z,2026-02-06T19:38:15+00:00,https://www.actionnetwork.com/_next/data/gTrZYK5vb77eiGJDZHqrW/nfl-game/seahawks-patriots-score-odds-february-8-2026/284635.json?league=nfl-game&slug=seahawks-patriots-score-odds-february-8-2026&gameId=284635,ebff46a56a79820844fd449a2fff99b194a66a540e25d50184106750b54f2ce8
Doug Ziefel,Dziefel7,7.34,116,127,1,unknown,Patriots 1st Drive Punt,-110,-113,0.57,unit,Custom Picks,,284635,nfl,531828937,192808,2026-02-05T14:00:26.867Z,2026-02-05T14:00:26.867Z,2026-02-06T19:38:15+00:00,https://www.actionnetwork.com/_next/data/gTrZYK5vb77eiGJDZHqrW/nfl-game/seahawks-patriots-score-odds-february-8-2026/284635.json?league=nfl-game&slug=seahawks-patriots-score-odds-february-8-2026&gameId=284635,babd62b0e3ee75fdb25082c935918e31318bd5b4c5ebb8cff61e9d5259447216
Doug Ziefel,Dziefel7,7.34,116,127,1,ml,J.Smith-Njigba First Touchdown Scorer Yes,0,750,0.1,unit,First Touchdown Scorer,Boost,284635,nfl,531828958,192808,2026-02-05T14:00:58.808Z,2026-02-05T14:00:58.808Z,2026-02-06T19:38:15+00:00,https://www.actionnetwork.com/_next/data/gTrZYK5vb77eiGJDZHqrW/nfl-game/seahawks-patriots-score-odds-february-8-2026/284635.json?league=nfl-game&slug=seahawks-patriots-score-odds-february-8-2026&gameId=284635,f45d1200a9e75b58785010b0b77325227ae59cd5bc4ed6b477f2bef21cf2ad40
Doug Ziefel,Dziefel7,7.34,116,127,1,unknown,Total First Downs Under 39.5,-110,-130,0.65,unit,Custom Picks,,284635,nfl,531829391,192808,2026-02-05T14:05:52.849Z,2026-02-05T14:05:52.849Z,2026-02-06T19:38:15+00:00,https://www.actionnetwork.com/_next/data/gTrZYK5vb77eiGJDZHqrW/nfl-game/seahawks-patriots-score-odds-february-8-2026/284635.json?league=nfl-game&slug=seahawks-patriots-score-odds-february-8-2026&gameId=284635,fab45508ab8c84c5a6389430849b807103d5491a3f16e406a3d89736e3f5029e
Doug Ziefel,Dziefel7,7.34,116,127,1,total,G.Holani o1.5 Recs,1.5,-135,0.68,unit,Recs,,284635,nfl,531829487,192808,2026-02-05T14:06:22.529Z,2026-02-05T14:06:22.529Z,2026-02-06T19:38:15+00:00,https://www.actionnetwork.com/_next/data/gTrZYK5vb77eiGJDZHqrW/nfl-game/seahawks-patriots-score-odds-february-8-2026/284635.json?league=nfl-game&slug=seahawks-patriots-score-odds-february-8-2026&gameId=284635,dd323f95ee98f506292ba53ae57b411e916b93d540f2ead415e98026f4644e4a
Doug Ziefel,Dziefel7,7.34,116,127,1,total,R.Stevenson u52.5 Rush Yds,52.5,-115,0.58,unit,Rush Yds,,284635,nfl,530432922,192808,2026-01-26T17:54:42.891Z,2026-01-26T17:54:42.891Z,2026-02-06T19:38:15+00:00,https://www.actionnetwork.com/_next/data/gTrZYK5vb77eiGJDZHqrW/nfl-game/seahawks-patriots-score-odds-february-8-2026/284635.json?league=nfl-game&slug=seahawks-patriots-score-odds-february-8-2026&gameId=284635,5f68d4abf0d77d458b43713048a8a91463678105e1f3599a244e728723ddf7de
Doug Ziefel,Dziefel7,7.34,116,127,1,unknown,Patriots 1st drive to not cross 50 yard line,-110,130,0.38,unit,Custom Picks,,284635,nfl,531832532,192808,2026-02-05T14:41:49.487Z,2026-02-05T14:41:49.486Z,2026-02-06T19:38:15+00:00,https://www.actionnetwork.com/_next/data/gTrZYK5vb77eiGJDZHqrW/nfl-game/seahawks-patriots-score-odds-february-8-2026/284635.json?league=nfl-game&slug=seahawks-patriots-score-odds-february-8-2026&gameId=284635,a751f51ec4d317b0dc7041e29f3a04d8a537afa852d62bcc04d858a1669910e6
Doug Ziefel,Dziefel7,7.34,116,127,1,total,R.Stevenson u14.5 Rush Att,14.5,-105,0.53,unit,Rush Att,,284635,nfl,531717336,192808,2026-02-04T19:59:43.972Z,2026-02-04T19:59:43.972Z,2026-02-06T19:38:15+00:00,https://www.actionnetwork.com/_next/data/gTrZYK5vb77eiGJDZHqrW/nfl-game/seahawks-patriots-score-odds-february-8-2026/284635.json?league=nfl-game&slug=seahawks-patriots-score-odds-february-8-2026&gameId=284635,03d9efe352a5961f246446c3531a406391ac80e3677716552803187413338ea6
Doug Ziefel,Dziefel7,7.34,116,127,1,total,D.Maye o219.5 Pass Yds,219.5,104,0.48,unit,Pass Yds,,284635,nfl,531718923,192808,2026-02-04T20:13:43.484Z,2026-02-04T20:13:43.484Z,2026-02-06T19:38:15+00:00,https://www.actionnetwork.com/_next/data/gTrZYK5vb77eiGJDZHqrW/nfl-game/seahawks-patriots-score-odds-february-8-2026/284635.json?league=nfl-game&slug=seahawks-patriots-score-odds-february-8-2026&gameId=284635,140bd2786dd51fe4cf657710be315dcd4730154d992f042f467fc96466fad375
Doug Ziefel,Dziefel7,7.34,116,127,1,unknown,Under 8.5 (1Q),8.5,-135,0.68,unit,,,284635,nfl,531717709,192808,2026-02-04T20:03:14.852Z,2026-02-04T20:03:14.852Z,2026-02-06T19:38:15+00:00,https://www.actionnetwork.com/_next/data/gTrZYK5vb77eiGJDZHqrW/nfl-game/seahawks-patriots-score-odds-february-8-2026/284635.json?league=nfl-game&slug=seahawks-patriots-score-odds-february-8-2026&gameId=284635,01475445ba5b5ed8f1e173afa48802564fca47c30ce7d6a0e423f24898981ad8
Doug Ziefel,Dziefel7,7.34,116,127,1,total,S.Darnold u6.5 Rush Yds,6.5,-115,0.58,unit,Rush Yds,,284635,nfl,531719059,192808,2026-02-04T20:14:38.422Z,2026-02-04T20:14:38.422Z,2026-02-06T19:38:15+00:00,https://www.actionnetwork.com/_next/data/gTrZYK5vb77eiGJDZHqrW/nfl-game/seahawks-patriots-score-odds-february-8-2026/284635.json?league=nfl-game&slug=seahawks-patriots-score-odds-february-8-2026&gameId=284635,0b2b13c9074805441fd5e49662fa9d8ae7926d73bef23f128e33fe8493063136
Doug Ziefel,Dziefel7,7.34,116,127,1,total,J.Smith-Njigba o0.5 Rush Yds,0.5,280,0.18,unit,Rush Yds,,284635,nfl,531719166,192808,2026-02-04T20:15:32.186Z,2026-02-04T20:15:32.186Z,2026-02-06T19:38:15+00:00,https://www.actionnetwork.com/_next/data/gTrZYK5vb77eiGJDZHqrW/nfl-game/seahawks-patriots-score-odds-february-8-2026/284635.json?league=nfl-game&slug=seahawks-patriots-score-odds-february-8-2026&gameId=284635,ac8b9ffc2bd2a6323e2c191af113c5b918783e744d4cf0c96a7775c8a0a333d0
Doug Ziefel,Dziefel7,7.34,116,127,1,unknown,R.Stevenson 30+ Receiving Yards Yes,30,155,0.32,unit,30+ Receiving Yards,,284635,nfl,531719310,192808,2026-02-04T20:16:38.154Z,2026-02-04T20:16:38.154Z,2026-02-06T19:38:15+00:00,https://www.actionnetwork.com/_next/data/gTrZYK5vb77eiGJDZHqrW/nfl-game/seahawks-patriots-score-odds-february-8-2026/284635.json?league=nfl-game&slug=seahawks-patriots-score-odds-february-8-2026&gameId=284635,58909b0946b8c984bb7964ab5ea884269184c7ee649f864250379b4a965b92d0
Doug Ziefel,Dziefel7,7.34,116,127,1,total,M.Hollins u2.5 Recs,2.5,-150,0.75,unit,Recs,,284635,nfl,531719366,192808,2026-02-04T20:17:09.278Z,2026-02-04T20:17:09.278Z,2026-02-06T19:38:15+00:00,https://www.actionnetwork.com/_next/data/gTrZYK5vb77eiGJDZHqrW/nfl-game/seahawks-patriots-score-odds-february-8-2026/284635.json?league=nfl-game&slug=seahawks-patriots-score-odds-february-8-2026&gameId=284635,98bfbf2810421c5c62e9ddd7b4a4f07630e298d233a96ae29dab53f06cd37351
Doug Ziefel,Dziefel7,7.34,116,127,1,total,T.Henderson o2.5 Rec Yds,2.5,-125,0.63,unit,Rec Yds,,284635,nfl,531720696,192808,2026-02-04T20:27:13.737Z,2026-02-04T20:27:13.736Z,2026-02-06T19:38:15+00:00,https://www.actionnetwork.com/_next/data/gTrZYK5vb77eiGJDZHqrW/nfl-game/seahawks-patriots-score-odds-february-8-2026/284635.json?league=nfl-game&slug=seahawks-patriots-score-odds-february-8-2026&gameId=284635,093e59f4ad81e5630b513608daec0a4ad6197befe07aeadfebed64758068a68b
Doug Ziefel,Dziefel7,7.34,116,127,1,unknown,Drake Maye -1.5 Pass Attempts vs Darnold,-110,100,0.5,unit,Custom Picks,,284635,nfl,531723147,192808,2026-02-04T20:46:25.838Z,2026-02-04T20:46:25.838Z,2026-02-06T19:38:15+00:00,https://www.actionnetwork.com/_next/data/gTrZYK5vb77eiGJDZHqrW/nfl-game/seahawks-patriots-score-odds-february-8-2026/284635.json?league=nfl-game&slug=seahawks-patriots-score-odds-february-8-2026&gameId=284635,3de4d1a279b02155145d2d0aea6dece9dfc38cf2ebd9efe32826e8c670dc628d
Doug Ziefel,Dziefel7,7.34,116,127,1,unknown,Total FG yardage over 127.5,-110,-118,0.59,unit,Custom Picks,,284635,nfl,531724672,192808,2026-02-04T20:57:32.588Z,2026-02-04T20:57:32.588Z,2026-02-06T19:38:15+00:00,https://www.actionnetwork.com/_next/data/gTrZYK5vb77eiGJDZHqrW/nfl-game/seahawks-patriots-score-odds-february-8-2026/284635.json?league=nfl-game&slug=seahawks-patriots-score-odds-february-8-2026&gameId=284635,841732bcfa91476251cddb88f736e2650d818d1d41f267fd3c0f1fa56f5bede2
Doug Ziefel,Dziefel7,7.34,116,127,1,unknown,Over 7.5 Punts,-110,100,0.5,unit,Custom Picks,,284635,nfl,531725464,192808,2026-02-04T21:02:38.664Z,2026-02-04T21:02:38.664Z,2026-02-06T19:38:15+00:00,https://www.actionnetwork.com/_next/data/gTrZYK5vb77eiGJDZHqrW/nfl-game/seahawks-patriots-score-odds-february-8-2026/284635.json?league=nfl-game&slug=seahawks-patriots-score-odds-february-8-2026&gameId=284635,223adec5446c889f07addf7576b6567f0173a45e5c178bc2b6980684fea1bd28
Doug Ziefel,Dziefel7,7.34,116,127,1,unknown,Under 18.5 1Q receiving yards,-110,-107,0.54,unit,Custom Picks,,284635,nfl,531727457,192808,2026-02-04T21:15:07.841Z,2026-02-04T21:15:07.841Z,2026-02-06T19:38:15+00:00,https://www.actionnetwork.com/_next/data/gTrZYK5vb77eiGJDZHqrW/nfl-game/seahawks-patriots-score-odds-february-8-2026/284635.json?league=nfl-game&slug=seahawks-patriots-score-odds-february-8-2026&gameId=284635,499f2e7e9116a8a57534324418febc6ed0cb4ed2e5fe2b827f48a0abf8fac9f9
Doug Ziefel,Dziefel7,7.34,116,127,1,total,S.Darnold o39.5 Longest Completion,39.5,142,0.35,unit,Longest Completion,,284635,nfl,531728959,192808,2026-02-04T21:26:06.460Z,2026-02-04T21:26:06.460Z,2026-02-06T19:38:15+00:00,https://www.actionnetwork.com/_next/data/gTrZYK5vb77eiGJDZHqrW/nfl-game/seahawks-patriots-score-odds-february-8-2026/284635.json?league=nfl-game&slug=seahawks-patriots-score-odds-february-8-2026&gameId=284635,291973bb61e94c2c84caa4a5b744f86f87db4967c656b7906fdbec1c47f6b9a6
Doug Ziefel,Dziefel7,7.34,116,127,1,unknown,Either team to attempt a 2-point conversion - NO,-110,-175,0.88,unit,Custom Picks,,284635,nfl,531733525,192808,2026-02-04T21:54:50.990Z,2026-02-04T21:54:50.990Z,2026-02-06T19:38:15+00:00,https://www.actionnetwork.com/_next/data/gTrZYK5vb77eiGJDZHqrW/nfl-game/seahawks-patriots-score-odds-february-8-2026/284635.json?league=nfl-game&slug=seahawks-patriots-score-odds-february-8-2026&gameId=284635,459ba10667008cb8c81a466568278fc22c0c44fe7158d82046f3564be9665eac
Doug Ziefel,Dziefel7,7.34,116,127,1,unknown,Under 17.5 (1H),17.5,173,0.29,unit,,,284635,nfl,531737356,192808,2026-02-04T22:15:10.266Z,2026-02-04T22:15:10.266Z,2026-02-06T19:38:15+00:00,https://www.actionnetwork.com/_next/data/gTrZYK5vb77eiGJDZHqrW/nfl-game/seahawks-patriots-score-odds-february-8-2026/284635.json?league=nfl-game&slug=seahawks-patriots-score-odds-february-8-2026&gameId=284635,2e7b9fa00ee1f483912de84c460039eced116b71ea3305a27ba7a209f08a2fc5
Doug Ziefel,Dziefel7,7.34,116,127,1,unknown,George Holani Most Rushing Yards,-110,6000,0.1,unit,Custom Picks,,284635,nfl,531739128,192808,2026-02-04T22:23:36.908Z,2026-02-04T22:23:36.908Z,2026-02-06T19:38:15+00:00,https://www.actionnetwork.com/_next/data/gTrZYK5vb77eiGJDZHqrW/nfl-game/seahawks-patriots-score-odds-february-8-2026/284635.json?league=nfl-game&slug=seahawks-patriots-score-odds-february-8-2026&gameId=284635,9edb257d53956459e1490e05b3f26f1375da6dab6faa0780e9001023e958f7ba
Mike Ianniello,Ianniello21,-75.30080000000001,10,18,0,total,K.Walker o20.5 Rec Yds,20.5,-105,10,unit,Rec Yds,,284635,nfl,530585630,194172,2026-01-27T22:38:44.545Z,2026-01-27T22:38:44.545Z,2026-02-06T19:38:15+00:00,https://www.actionnetwork.com/_next/data/gTrZYK5vb77eiGJDZHqrW/nfl-game/seahawks-patriots-score-odds-february-8-2026/284635.json?league=nfl-game&slug=seahawks-patriots-score-odds-february-8-2026&gameId=284635,4f9b30e79bbc4fa5357a95918fb85c26533e5d3c1b0d0d99af019853d7b72f5f
Mike Ianniello,Ianniello21,-75.30080000000001,10,18,0,total,H.Henry o37.5 Rec Yds,37.5,-110,10,unit,Rec Yds,,284635,nfl,530585764,194172,2026-01-27T22:39:18.668Z,2026-01-27T22:39:18.668Z,2026-02-06T19:38:15+00:00,https://www.actionnetwork.com/_next/data/gTrZYK5vb77eiGJDZHqrW/nfl-game/seahawks-patriots-score-odds-february-8-2026/284635.json?league=nfl-game&slug=seahawks-patriots-score-odds-february-8-2026&gameId=284635,f2a16398f141000277dc71407e4973e5466bf14218aee7a7176be3e638429d84
John Lanfranca,JohnnyLFootball,-1.8800000000000003,5,6,0,unknown,Under 45.5,45.5,-110,1.1,unit,,,284635,nfl,531943886,197145,2026-02-06T12:18:44.360Z,2026-02-06T12:18:44.360Z,2026-02-06T19:38:15+00:00,https://www.actionnetwork.com/_next/data/gTrZYK5vb77eiGJDZHqrW/nfl-game/seahawks-patriots-score-odds-february-8-2026/284635.json?league=nfl-game&slug=seahawks-patriots-score-odds-february-8-2026&gameId=284635,ef2f17a51aa28217bb79e42de685380ab5dddde2b069ae27ee272cac2044e56c
Ryan Minion,VegasMinion,-38.76490000000001,210,256,5,ml,J.Smith-Njigba Anytime TD Scorer Yes,0,-110,1.1,money,Anytime TD Scorer,,284635,nfl,531555928,284665,2026-02-03T16:59:15.273Z,2026-02-03T16:59:15.273Z,2026-02-06T19:38:15+00:00,https://www.actionnetwork.com/_next/data/gTrZYK5vb77eiGJDZHqrW/nfl-game/seahawks-patriots-score-odds-february-8-2026/284635.json?league=nfl-game&slug=seahawks-patriots-score-odds-february-8-2026&gameId=284635,800e285b1d8a26f8ea2f6141a3d85790eb95ed1501ebf6429dd2f99e093c20ad
Ryan Minion,VegasMinion,-38.76490000000001,210,256,5,ml,J.Smith-Njigba 2+ TDs Yes,0,600,0.5,money,2+ TDs,,284635,nfl,531555978,284665,2026-02-03T16:59:44.817Z,2026-02-03T16:59:44.817Z,2026-02-06T19:38:15+00:00,https://www.actionnetwork.com/_next/data/gTrZYK5vb77eiGJDZHqrW/nfl-game/seahawks-patriots-score-odds-february-8-2026/284635.json?league=nfl-game&slug=seahawks-patriots-score-odds-february-8-2026&gameId=284635,be9d78c7bf07d659c57d11efbcf1c25afada73631533c0bf6f5f9ec2cfedf288
Ryan Minion,VegasMinion,-38.76490000000001,210,256,5,total,T.Henderson o0.5 Recs,0.5,-140,1.4,money,Recs,,284635,nfl,530451353,284665,2026-01-26T20:49:47.058Z,2026-01-26T20:49:47.058Z,2026-02-06T19:38:15+00:00,https://www.actionnetwork.com/_next/data/gTrZYK5vb77eiGJDZHqrW/nfl-game/seahawks-patriots-score-odds-february-8-2026/284635.json?league=nfl-game&slug=seahawks-patriots-score-odds-february-8-2026&gameId=284635,09bd48d74eeaca637d6139422fcb2a07d4c836aa030b62447bef2f2005a21f25
Ryan Minion,VegasMinion,-38.76490000000001,210,256,5,unknown,SEA -4,-4,-115,3,money,,Seahawks  💣 💣 ,284635,nfl,531480134,284665,2026-02-02T23:02:03.694Z,2026-02-02T23:02:03.694Z,2026-02-06T19:38:15+00:00,https://www.actionnetwork.com/_next/data/gTrZYK5vb77eiGJDZHqrW/nfl-game/seahawks-patriots-score-odds-february-8-2026/284635.json?league=nfl-game&slug=seahawks-patriots-score-odds-february-8-2026&gameId=284635,f41adeeda4aa01ce52cd3b26dcbed9f073ce506d8266d212c79bb8509dc5b142
Ryan Minion,VegasMinion,-38.76490000000001,210,256,5,unknown,SEA -4,-4,-118,1.18,money,,,284635,nfl,530397336,284665,2026-01-26T03:42:41.882Z,2026-01-26T03:42:41.881Z,2026-02-06T19:38:15+00:00,https://www.actionnetwork.com/_next/data/gTrZYK5vb77eiGJDZHqrW/nfl-game/seahawks-patriots-score-odds-february-8-2026/284635.json?league=nfl-game&slug=seahawks-patriots-score-odds-february-8-2026&gameId=284635,fece9db39a249c5d0cde25dc0692a1c0eaca082a6604940ed89605ea9ecada19
Ryan Minion,VegasMinion,-38.76490000000001,210,256,5,unknown,SEA -225,-225,-225,3,money,,,284635,nfl,530397360,284665,2026-01-26T03:43:00.258Z,2026-01-26T03:43:00.258Z,2026-02-06T19:38:15+00:00,https://www.actionnetwork.com/_next/data/gTrZYK5vb77eiGJDZHqrW/nfl-game/seahawks-patriots-score-odds-february-8-2026/284635.json?league=nfl-game&slug=seahawks-patriots-score-odds-february-8-2026&gameId=284635,ae86b8b77b5baa9501a21a5d004de367ab2a982f899e26c7a19205d7b0f47b57
Grant Neiffer,gneiffer07,-0.08999999999999994,5,11,0,total,S.Darnold o29.5 Pass Att,29.5,102,1,unit,Pass Att,,284635,nfl,530725218,335455,2026-01-28T21:18:25.406Z,2026-01-28T21:18:25.406Z,2026-02-06T19:38:15+00:00,https://www.actionnetwork.com/_next/data/gTrZYK5vb77eiGJDZHqrW/nfl-game/seahawks-patriots-score-odds-february-8-2026/284635.json?league=nfl-game&slug=seahawks-patriots-score-odds-february-8-2026&gameId=284635,640eb44fa5297ce9a4b04a270b8889b69b47cfcb9d37306965505d62b9f5f2b7
Grant Neiffer,gneiffer07,-0.08999999999999994,5,11,0,unknown,Tails Coin Toss Outcome,0,-100,0.5,unit,Coin Toss Outcome,,284635,nfl,531598253,335455,2026-02-03T22:35:46.693Z,2026-02-03T22:35:46.693Z,2026-02-06T19:38:15+00:00,https://www.actionnetwork.com/_next/data/gTrZYK5vb77eiGJDZHqrW/nfl-game/seahawks-patriots-score-odds-february-8-2026/284635.json?league=nfl-game&slug=seahawks-patriots-score-odds-february-8-2026&gameId=284635,7efe097c2688d535250dd37964a057870e2656e773939fc85b4f018c51dc5c32
Grant Neiffer,gneiffer07,-0.08999999999999994,5,11,0,unknown,SEA -4.5,-4.5,-110,1.1,unit,,,284635,nfl,531598046,335455,2026-02-03T22:34:48.846Z,2026-02-03T22:34:48.846Z,2026-02-06T19:38:15+00:00,https://www.actionnetwork.com/_next/data/gTrZYK5vb77eiGJDZHqrW/nfl-game/seahawks-patriots-score-odds-february-8-2026/284635.json?league=nfl-game&slug=seahawks-patriots-score-odds-february-8-2026&gameId=284635,5eed1ceb1493ef77ed6592a491f680f1e6d8c07dd90562712c0f39b75385a528
Grant Neiffer,gneiffer07,-0.08999999999999994,5,11,0,total,K.Walker o2.5 Recs,2.5,-125,1.25,unit,Recs,,284635,nfl,531598147,335455,2026-02-03T22:35:20.372Z,2026-02-03T22:35:20.372Z,2026-02-06T19:38:15+00:00,https://www.actionnetwork.com/_next/data/gTrZYK5vb77eiGJDZHqrW/nfl-game/seahawks-patriots-score-odds-february-8-2026/284635.json?league=nfl-game&slug=seahawks-patriots-score-odds-february-8-2026&gameId=284635,fe52f5cdc86244fe873d78b07011646fb36e832d4fd567f40459791fdf67c6ed
Grant Neiffer,gneiffer07,-0.08999999999999994,5,11,0,total,H.Henry o38.5 Rec Yds,38.5,-110,1.1,unit,Rec Yds,,284635,nfl,531453161,335455,2026-02-02T19:17:33.957Z,2026-02-02T19:17:33.957Z,2026-02-06T19:38:15+00:00,https://www.actionnetwork.com/_next/data/gTrZYK5vb77eiGJDZHqrW/nfl-game/seahawks-patriots-score-odds-february-8-2026/284635.json?league=nfl-game&slug=seahawks-patriots-score-odds-february-8-2026&gameId=284635,e063321c6435afa03d99612273a951ee6a968eea844776e4965c0888c1bbcd85
Sandy Plashkes,sandyplashkes,-12.271799999999999,79,84,4,total,D.Maye o222.5 Pass Yds,222.5,-116,1.74,unit,Pass Yds,,284635,nfl,530562966,707137,2026-01-27T20:18:28.761Z,2026-01-27T20:18:28.761Z,2026-02-06T19:38:15+00:00,https://www.actionnetwork.com/_next/data/gTrZYK5vb77eiGJDZHqrW/nfl-game/seahawks-patriots-score-odds-february-8-2026/284635.json?league=nfl-game&slug=seahawks-patriots-score-odds-february-8-2026&gameId=284635,dec6baf4663c46bc66d07bf22569da55b956869c966e65b7832f5252114114fc
Sandy Plashkes,sandyplashkes,-12.271799999999999,79,84,4,props,NE o20.5,20.5,-104,3,unit,,,284635,nfl,531865855,707137,2026-02-05T21:04:11.046Z,2026-02-05T21:04:11.046Z,2026-02-06T19:38:15+00:00,https://www.actionnetwork.com/_next/data/gTrZYK5vb77eiGJDZHqrW/nfl-game/seahawks-patriots-score-odds-february-8-2026/284635.json?league=nfl-game&slug=seahawks-patriots-score-odds-february-8-2026&gameId=284635,bbc170b75ab3ddc2264176136c9b5ffa19505353a145928c4a4685f068ec2023
Sandy Plashkes,sandyplashkes,-12.271799999999999,79,84,4,total,C.Kupp o3.5 Recs,3.5,130,1,unit,Recs,,284635,nfl,531878054,707137,2026-02-05T22:26:08.940Z,2026-02-05T22:26:08.940Z,2026-02-06T19:38:15+00:00,https://www.actionnetwork.com/_next/data/gTrZYK5vb77eiGJDZHqrW/nfl-game/seahawks-patriots-score-odds-february-8-2026/284635.json?league=nfl-game&slug=seahawks-patriots-score-odds-february-8-2026&gameId=284635,a9ab4ca12eea587fafec73ef987c5f9505f691826715007ee5a7312415e84573
Sandy Plashkes,sandyplashkes,-12.271799999999999,79,84,4,total,M.Hollins o26.5 Rec Yds,26.5,-115,1.15,unit,Rec Yds,,284635,nfl,531955386,707137,2026-02-06T15:56:59.669Z,2026-02-06T15:56:59.669Z,2026-02-06T19:38:15+00:00,https://www.actionnetwork.com/_next/data/gTrZYK5vb77eiGJDZHqrW/nfl-game/seahawks-patriots-score-odds-february-8-2026/284635.json?league=nfl-game&slug=seahawks-patriots-score-odds-february-8-2026&gameId=284635,67f03ee7821b9556aaa62f862d9a7cca1eed05bfe75de3b46d5dff97c1d375c2
Sandy Plashkes,sandyplashkes,-12.271799999999999,79,84,4,total,A.Barner o24.5 Rec Yds,24.5,-116,1.16,unit,Rec Yds,,284635,nfl,531955466,707137,2026-02-06T15:58:01.563Z,2026-02-06T15:58:01.563Z,2026-02-06T19:38:15+00:00,https://www.actionnetwork.com/_next/data/gTrZYK5vb77eiGJDZHqrW/nfl-game/seahawks-patriots-score-odds-february-8-2026/284635.json?league=nfl-game&slug=seahawks-patriots-score-odds-february-8-2026&gameId=284635,149c4f5488b472f85a1448a925be5e7977e87fb73f3fdd4bda269db40dfdecea
Prop Bomb 🏝,PropBomb,-5.289999999999999,3,7,0,total,S.Diggs u18.5 Longest Reception,18.5,-122,1.22,unit,Longest Reception,"Through three playoff games, Stefon Diggs has seen his role in the offense compressed to a short-area outlet as Drake Maye has faced consistent pressure. Diggs’ aDOT has been just 5.5 yards in the playoffs, a significant reduction from his 8.7-yard aDOT during the regular season. 81.3% of his targets during the playoffs have come within 10 yards of the line of scrimmage compared to 68% during the regular season, and he has just one target of 20+ yards.

Diggs led the Patriots with a 16.5% target share when Maye was pressured during the regular season, and he’s done the same with a 25% target share under pressure through the three playoff games. However, he has just a 15.3% air-yard share on those looks as his volume has come closer to the line of scrimmage.

The Seahawks have funneled targets underneath all season, allowing the 3rd-lowest catch rate (42%) and fewest YPRR (1.90) on 10+ yard throws, while forcing the 2nd-most targets within 10 yards of the line of scrimmage (383) during the regular season. Combined with their elite pressure rate without blitzing, that leads directly into Diggs continuing to see those short targets he’s seen all year.

Diggs has posted long receptions of 9, 14, and 6 yards during the playoffs. I’m betting this usage profile continues in a matchup that has consistently suppressed downfield efficiency. #PlayerProps",284635,nfl,530587485,754387,2026-01-27T22:46:34.266Z,2026-01-27T22:46:34.266Z,2026-02-06T19:38:15+00:00,https://www.actionnetwork.com/_next/data/gTrZYK5vb77eiGJDZHqrW/nfl-game/seahawks-patriots-score-odds-february-8-2026/284635.json?league=nfl-game&slug=seahawks-patriots-score-odds-february-8-2026&gameId=284635,ec7fe24598aef6513f25746be52ff5acd82299ed8addc87b4bbf44f3a7eb104f
Brandon Anderson,wheatonbrando,-1.7773000000000003,17,56,3,unknown,Either team defensive or special teams TD,-110,265,0.5,unit,Custom Picks,"I always bet on a defensive touchdown in the Super Bowl.

Year after year, regardless of the teams playing or any matchup on the board, this is a blind bet. The odds are just never priced correctly.

This year, the bet feels even better.

Seattle's defense has been one of the best in the NFL all season, aggressive from the jump and constantly forcing plays. But Seattle's offense has been sloppy, ranking second in the league in giveaways, and that could give New England's defense a chance for a big play too.

The Patriots scored two defensive touchdowns in the regular season, then another in the playoffs — two of them by CB Marcus Jones, who moonlights as the current best punt returner in NFL history. Seattle had three defensive TDs, too.

And while this isn't necessarily a special teams angle, it should be noted that Seattle had one of the best special teams units all season and added five special teams TDs as well, while the Patriots scored three special teams TDs themselves.

So how do we bet it?

Be careful, and pay attention to the details — and always shop around for long-shot lines like these.

At FanDuel, we can bet on a Seattle Defense anytime touchdown at +550, which at first glance looks much better than what appears to be the same bet at DraftKings priced at +400. Ditto with New England at +850 and +500, respectively. But at FanDuel, we're betting only a defensive score. At DraftKings we're betting D/ST, which means we get special teams scores too.

This isn't a special teams specific angle, but Seattle has scored five special teams TDs already this season and New England has three. We've already seen 13 special teams TDs in the Super Bowl, including eight the last three decades. We want those extra outs.

If you want to just keep things simple and clean, you can bet on either team to score a defensive or special teams touchdown at +265 at Circa. That's an implied 27.4%, compared to the Super Bowl history of 36 D/ST touchdowns in 59 Super bowls, implying a 61% chance of a score.

That's pretty clear and definite value — though you can bet No D/ST touchdown at -320 instead, if you think this is all a bunch of baloney.

But we can bet even smarter.

The defense has scored 23 touchdowns in Super Bowl history, and all but three of them came from the winning team.

Makes sense, right? In a game between two of the league's best teams, with a game often priced closed to a coin flip, one weird bounce of an oblong ball and an unexpected free seven points have a huge change of swinging the game in either direction.

It's no coincidence that the Chiefs won the Super Bowl with their defensive TD but lost to the Eagles when Philly pulled off the feat.

The winning Super Bowl team has scored a defensive touchdown in a whopping 17-of-59 Super Bowls. That's over 29% of the time, more than once every four Super Bowls, and that's not even counting special teams!

If you cut out the unlikely scenario of a defensive score in a losing effort, we can really zero in on value by placing two SGP bets:

Seahawks D/ST anytime TD & Seahawks ML (+833, theScore)
Patriots D/ST anytime TD & Patriots ML (+2703, theScore)
And yes, we're playing both angles! We hit this exact bet last season with Cooper DeJean and Philly at +850!

These defensive scores are unpredictable and can swing the game. Even if you like the favored Seahawks, don't you like them a whole lot less if you know Sam Darnold throws a pick-six? A surprise D/ST score is a great way for an underdog to steal the game.

Playing both angles together gives us combined implied odds of +600, or about 14.3%, and that's a huge edge on Super Bowl history.

But if a defensive player does score a touchdown … could he also win Super Bowl MVP?",284635,nfl,531867076,773591,2026-02-05T21:13:16.143Z,2026-02-05T21:13:16.143Z,2026-02-06T19:38:15+00:00,https://www.actionnetwork.com/_next/data/gTrZYK5vb77eiGJDZHqrW/nfl-game/seahawks-patriots-score-odds-february-8-2026/284635.json?league=nfl-game&slug=seahawks-patriots-score-odds-february-8-2026&gameId=284635,28fa87c15c869e64ba763f004aefc5a4d1d8dac32ccae099ba31f1d5c0d1f42b
Brandon Anderson,wheatonbrando,-1.7773000000000003,17,56,3,unknown,Seahawks D/ST anytime TD & Seahawks ML,-110,833,0.5,unit,Custom Picks,"I always bet on a defensive touchdown in the Super Bowl.

Year after year, regardless of the teams playing or any matchup on the board, this is a blind bet. The odds are just never priced correctly.

This year, the bet feels even better.

Seattle's defense has been one of the best in the NFL all season, aggressive from the jump and constantly forcing plays. But Seattle's offense has been sloppy, ranking second in the league in giveaways, and that could give New England's defense a chance for a big play too.

The Patriots scored two defensive touchdowns in the regular season, then another in the playoffs — two of them by CB Marcus Jones, who moonlights as the current best punt returner in NFL history. Seattle had three defensive TDs, too.

And while this isn't necessarily a special teams angle, it should be noted that Seattle had one of the best special teams units all season and added five special teams TDs as well, while the Patriots scored three special teams TDs themselves.

So how do we bet it?

Be careful, and pay attention to the details — and always shop around for long-shot lines like these.

At FanDuel, we can bet on a Seattle Defense anytime touchdown at +550, which at first glance looks much better than what appears to be the same bet at DraftKings priced at +400. Ditto with New England at +850 and +500, respectively. But at FanDuel, we're betting only a defensive score. At DraftKings we're betting D/ST, which means we get special teams scores too.

This isn't a special teams specific angle, but Seattle has scored five special teams TDs already this season and New England has three. We've already seen 13 special teams TDs in the Super Bowl, including eight the last three decades. We want those extra outs.

If you want to just keep things simple and clean, you can bet on either team to score a defensive or special teams touchdown at +265 at Circa. That's an implied 27.4%, compared to the Super Bowl history of 36 D/ST touchdowns in 59 Super bowls, implying a 61% chance of a score.

That's pretty clear and definite value — though you can bet No D/ST touchdown at -320 instead, if you think this is all a bunch of baloney.

But we can bet even smarter.

The defense has scored 23 touchdowns in Super Bowl history, and all but three of them came from the winning team.

Makes sense, right? In a game between two of the league's best teams, with a game often priced closed to a coin flip, one weird bounce of an oblong ball and an unexpected free seven points have a huge change of swinging the game in either direction.

It's no coincidence that the Chiefs won the Super Bowl with their defensive TD but lost to the Eagles when Philly pulled off the feat.

The winning Super Bowl team has scored a defensive touchdown in a whopping 17-of-59 Super Bowls. That's over 29% of the time, more than once every four Super Bowls, and that's not even counting special teams!

If you cut out the unlikely scenario of a defensive score in a losing effort, we can really zero in on value by placing two SGP bets:

Seahawks D/ST anytime TD & Seahawks ML (+833, theScore)
Patriots D/ST anytime TD & Patriots ML (+2703, theScore)
And yes, we're playing both angles! We hit this exact bet last season with Cooper DeJean and Philly at +850!

These defensive scores are unpredictable and can swing the game. Even if you like the favored Seahawks, don't you like them a whole lot less if you know Sam Darnold throws a pick-six? A surprise D/ST score is a great way for an underdog to steal the game.

Playing both angles together gives us combined implied odds of +600, or about 14.3%, and that's a huge edge on Super Bowl history.

But if a defensive player does score a touchdown … could he also win Super Bowl MVP?",284635,nfl,531867225,773591,2026-02-05T21:14:31.638Z,2026-02-05T21:14:31.638Z,2026-02-06T19:38:15+00:00,https://www.actionnetwork.com/_next/data/gTrZYK5vb77eiGJDZHqrW/nfl-game/seahawks-patriots-score-odds-february-8-2026/284635.json?league=nfl-game&slug=seahawks-patriots-score-odds-february-8-2026&gameId=284635,bc75da0ae008a822584c3f9e2dddca2c811be7fcc1808e26b9f3b154042cbc6f
Brandon Anderson,wheatonbrando,-1.7773000000000003,17,56,3,unknown,SEA -3.5,-3.5,-115,0.5,unit,,This line should not be 3.5. And it won’t be for long. 4 is key now so get it early if you want it. Super Bowl winners almost always cover.,284635,nfl,530394285,773591,2026-01-26T03:07:25.722Z,2026-01-26T03:07:25.721Z,2026-02-06T19:38:15+00:00,https://www.actionnetwork.com/_next/data/gTrZYK5vb77eiGJDZHqrW/nfl-game/seahawks-patriots-score-odds-february-8-2026/284635.json?league=nfl-game&slug=seahawks-patriots-score-odds-february-8-2026&gameId=284635,46036b73d35b23ad712b81490caa66313caa463ed0aba90aed246b127fedf07e
Brandon Anderson,wheatonbrando,-1.7773000000000003,17,56,3,unknown,Patriots D/ST anytime TD & Patriots ML,-110,2703,0.5,unit,Custom Picks,"I always bet on a defensive touchdown in the Super Bowl.

Year after year, regardless of the teams playing or any matchup on the board, this is a blind bet. The odds are just never priced correctly.

This year, the bet feels even better.

Seattle's defense has been one of the best in the NFL all season, aggressive from the jump and constantly forcing plays. But Seattle's offense has been sloppy, ranking second in the league in giveaways, and that could give New England's defense a chance for a big play too.

The Patriots scored two defensive touchdowns in the regular season, then another in the playoffs — two of them by CB Marcus Jones, who moonlights as the current best punt returner in NFL history. Seattle had three defensive TDs, too.

And while this isn't necessarily a special teams angle, it should be noted that Seattle had one of the best special teams units all season and added five special teams TDs as well, while the Patriots scored three special teams TDs themselves.

So how do we bet it?

Be careful, and pay attention to the details — and always shop around for long-shot lines like these.

At FanDuel, we can bet on a Seattle Defense anytime touchdown at +550, which at first glance looks much better than what appears to be the same bet at DraftKings priced at +400. Ditto with New England at +850 and +500, respectively. But at FanDuel, we're betting only a defensive score. At DraftKings we're betting D/ST, which means we get special teams scores too.

This isn't a special teams specific angle, but Seattle has scored five special teams TDs already this season and New England has three. We've already seen 13 special teams TDs in the Super Bowl, including eight the last three decades. We want those extra outs.

If you want to just keep things simple and clean, you can bet on either team to score a defensive or special teams touchdown at +265 at Circa. That's an implied 27.4%, compared to the Super Bowl history of 36 D/ST touchdowns in 59 Super bowls, implying a 61% chance of a score.

That's pretty clear and definite value — though you can bet No D/ST touchdown at -320 instead, if you think this is all a bunch of baloney.

But we can bet even smarter.

The defense has scored 23 touchdowns in Super Bowl history, and all but three of them came from the winning team.

Makes sense, right? In a game between two of the league's best teams, with a game often priced closed to a coin flip, one weird bounce of an oblong ball and an unexpected free seven points have a huge change of swinging the game in either direction.

It's no coincidence that the Chiefs won the Super Bowl with their defensive TD but lost to the Eagles when Philly pulled off the feat.

The winning Super Bowl team has scored a defensive touchdown in a whopping 17-of-59 Super Bowls. That's over 29% of the time, more than once every four Super Bowls, and that's not even counting special teams!

If you cut out the unlikely scenario of a defensive score in a losing effort, we can really zero in on value by placing two SGP bets:

Seahawks D/ST anytime TD & Seahawks ML (+833, theScore)
Patriots D/ST anytime TD & Patriots ML (+2703, theScore)
And yes, we're playing both angles! We hit this exact bet last season with Cooper DeJean and Philly at +850!

These defensive scores are unpredictable and can swing the game. Even if you like the favored Seahawks, don't you like them a whole lot less if you know Sam Darnold throws a pick-six? A surprise D/ST score is a great way for an underdog to steal the game.

Playing both angles together gives us combined implied odds of +600, or about 14.3%, and that's a huge edge on Super Bowl history.

But if a defensive player does score a touchdown … could he also win Super Bowl MVP?",284635,nfl,531867448,773591,2026-02-05T21:15:52.577Z,2026-02-05T21:15:52.577Z,2026-02-06T19:38:15+00:00,https://www.actionnetwork.com/_next/data/gTrZYK5vb77eiGJDZHqrW/nfl-game/seahawks-patriots-score-odds-february-8-2026/284635.json?league=nfl-game&slug=seahawks-patriots-score-odds-february-8-2026&gameId=284635,2c03eaf27ef0b3c594e28307cc12de26d126d84177796eeb11b3a26da15bc419
Brandon Anderson,wheatonbrando,-1.7773000000000003,17,56,3,unknown,Any defensive Super Bowl MVP,-110,1500,0.25,unit,Custom Picks,"Defenders can and do win Super Bowl MVP — and a lot more often than you'd think!

We've seen 10 defensive players win MVP. Two of them won it as co-MVPs, but even so, that's nine defensive MVPs in 59 Super Bowls or 15.3%. That's more than once every seven Super Bowls!

In fact, would you believe more defenders have won Super Bowl MVP than receivers or running backs?

That fact might encourage you to sprinkle on one of the game's defensive stars as an unlikely MVP pick.

Again, it can be wise to just keep things simple. There are 11 defensive starters on each team and a plethora of other defenders that will also see the field in relief.

We can bet any defensive player to win Super Bowl MVP at +1500 at theScore. That's 6.3% implied, giving us over 2.4x value on the historical odds of a defensive MVP.

Of course, we're greedy and want the exacta winner too, so let's sprinkle three long-shot names.

And it doesn't necessarily need to be the best defenders on the field.

Seattle fans, do you recall the Super Bowl MVP of your last title? Not many remember LB Malcolm Smith, who won it in 2014. Dexter Jackson and Larry Brown are other relatively anonymous defenders who made a big play when it mattered most and stole MVP.

Christian Gonzalez is a lock-down corner for New England, and Leonard Williams is a force up the middle for Seattle, but those guys don't necessarily make splash plays. We're looking for big, game-changing plays — sacks, turnovers, even a touchdown.

Let's take a stab at three long-shot defensive MVPs.

Start with New England's Marcus Jones (+15000 at BetRivers). He's the third corner but that makes him more of a target, and that means opportunity. Jones has four interceptions this season and returned two of them for scores. He's also an electric punt returner and has two scores that way.

Next up is Seattle's DeMarcus Lawrence (+15000 at BetMGM), who had six regular season sacks and added one in each of Seattle's playoff games so far, along with three forced fumbles. He's got a juicy matchup against rookie LT Will Campbell, who has struggled mightily in these playoffs. Lawrence has four career touchdowns, including a league-leading two off fumbles this season.

Last, let's add Ernest Jones (+20000 at theScore). Three of the four defensive MVPs this century have been linebackers, right in the middle of all the action, and Jones led Seattle in both interceptions (five) and combined tackles (30 more than anyone else). He plays nearly every snap and should rack up tackles and opportunities, and he'll be in great position to jump a rushed Drake Maye checkdown.

Defense wins championships.

And in the Super Bowl, defense turns profits for bettors too. Place your bets and wait for the big play.

",284635,nfl,531867801,773591,2026-02-05T21:18:26.387Z,2026-02-05T21:18:26.387Z,2026-02-06T19:38:15+00:00,https://www.actionnetwork.com/_next/data/gTrZYK5vb77eiGJDZHqrW/nfl-game/seahawks-patriots-score-odds-february-8-2026/284635.json?league=nfl-game&slug=seahawks-patriots-score-odds-february-8-2026&gameId=284635,e8e9fe15b46df9816dcf04676ff937722fc823f8cdba0ba5920d72879a09972e
Brandon Anderson,wheatonbrando,-1.7773000000000003,17,56,3,total,J.Smith-Njigba o6.5 Recs,6.5,-139,0.75,unit,Recs,"There's reason to believe the Patriots may be particularly vulnerable to Smith-Njigba.

For all the talk about New England's cornerbacks, would you believe the Patriots ranked dead last against opposing WR1s this season?

It's true — but much like the rest of New England's schedule, the Pats just haven't been tested much. The best receiver they could've faced so far in the playoffs was Nico Collins, but he was sidelined with an injury. The best receiver they could've faced in the regular season, Ja'Marr Chase, was suspended.

The best receiver the Patriots actually faced was the Falcons' Drake London, who caught nine passes (on 14 targets) for 118 yards and three touchdowns!

New England had six games against a quality, clear WR1 this season, someone you'd treat that way in fantasy football. That opposing WR1 caught at least six passes for 84 yards in every one of those games, with an average of 7.3 receptions for 103.5 yards on 10.2 targets.

The Patriots play the ninth-most man coverage in the league, and elite receivers are almost always good enough to beat even the best man coverage.

Seahawks quarterback Sam Darnold ranks third in EPA per play against man, far better than he is against zone, and Smith-Njigba absolutely destroys man coverage. He finished third in the NFL in yards versus man and posted an absurd 4.16 yards per route run against man, which was the best mark in the league.

The Patriots' Christian Gonzalez is a great corner, but he can only do so much. Gonzalez did his part in that Atlanta game, but London still finished with a massive line because that's how coverages work these days.

Seattle moves Smith-Njigba all over the field — out wide, in the slot, out of the backfield — and no corner in 2026 is shadowing that player on every assignment.

Smith-Njigba is in line for another big day, and his league-leading yardage total is even more stunning considering the Seahawks are the league's run-heaviest team in a neutral script. Consider that Smith-Njigba was responsible for 44% of Darnold's passing yards this season and 40% of his passing touchdowns! That's a lot of work for just one receiver.

Now he gets to do it all on the league's biggest stage.

Smith-Njigba will be the fourth player since the 1980s to lead the league in receiving yards, then go on to make the Super Bowl. And wait til you see the numbers the previous three players put up in the Super Bowl:

1989 Jerry Rice: 7 catches, 148 yards, 3 TDs
1994 Jerry Rice: 10 catches, 149 yards, 3 TDs
2021 Cooper Kupp: 8 catches, 92 yards, 2 TDs
Not bad, huh?

It's a tiny sample, but that's an average of 8.2 catches for 130 yards, with eight scores in three games!

Eight catches looks like a good target for Smith-Njigba.

He had at least seven catches in 13-of-19 games this season (including the postseason), but that figure is a bit misleading. Four of those six unders came in games Seattle won by 21 or more points. That means Smith-Njigba had 7+ catches in 11-of-13 other games (85%).

That also means Smith-Njigba's receptions line of 6.5 is badly mispriced and worth a play, even juiced to -139 (DraftKings). It's probably a full reception too low since he has 8+ catches in 10-of-13 non-blowout games. The alternate line of 8+ catches is worth a play at +130 (Fanatics).",284635,nfl,531972063,773591,2026-02-06T19:30:13.792Z,2026-02-06T19:30:13.792Z,2026-02-06T19:38:15+00:00,https://www.actionnetwork.com/_next/data/gTrZYK5vb77eiGJDZHqrW/nfl-game/seahawks-patriots-score-odds-february-8-2026/284635.json?league=nfl-game&slug=seahawks-patriots-score-odds-february-8-2026&gameId=284635,74f6b1a145babb8375fb037af1f7cb3d9f70228d40b5f88618e6a3d77e479467
Brandon Anderson,wheatonbrando,-1.7773000000000003,17,56,3,unknown,J.Smith-Njigba 8+ Receptions Yes,8,130,0.75,unit,8+ Receptions,"There's reason to believe the Patriots may be particularly vulnerable to Smith-Njigba.

For all the talk about New England's cornerbacks, would you believe the Patriots ranked dead last against opposing WR1s this season?

It's true — but much like the rest of New England's schedule, the Pats just haven't been tested much. The best receiver they could've faced so far in the playoffs was Nico Collins, but he was sidelined with an injury. The best receiver they could've faced in the regular season, Ja'Marr Chase, was suspended.

The best receiver the Patriots actually faced was the Falcons' Drake London, who caught nine passes (on 14 targets) for 118 yards and three touchdowns!

New England had six games against a quality, clear WR1 this season, someone you'd treat that way in fantasy football. That opposing WR1 caught at least six passes for 84 yards in every one of those games, with an average of 7.3 receptions for 103.5 yards on 10.2 targets.

The Patriots play the ninth-most man coverage in the league, and elite receivers are almost always good enough to beat even the best man coverage.

Seahawks quarterback Sam Darnold ranks third in EPA per play against man, far better than he is against zone, and Smith-Njigba absolutely destroys man coverage. He finished third in the NFL in yards versus man and posted an absurd 4.16 yards per route run against man, which was the best mark in the league.

The Patriots' Christian Gonzalez is a great corner, but he can only do so much. Gonzalez did his part in that Atlanta game, but London still finished with a massive line because that's how coverages work these days.

Seattle moves Smith-Njigba all over the field — out wide, in the slot, out of the backfield — and no corner in 2026 is shadowing that player on every assignment.

Smith-Njigba is in line for another big day, and his league-leading yardage total is even more stunning considering the Seahawks are the league's run-heaviest team in a neutral script. Consider that Smith-Njigba was responsible for 44% of Darnold's passing yards this season and 40% of his passing touchdowns! That's a lot of work for just one receiver.

Now he gets to do it all on the league's biggest stage.

Smith-Njigba will be the fourth player since the 1980s to lead the league in receiving yards, then go on to make the Super Bowl. And wait til you see the numbers the previous three players put up in the Super Bowl:

1989 Jerry Rice: 7 catches, 148 yards, 3 TDs
1994 Jerry Rice: 10 catches, 149 yards, 3 TDs
2021 Cooper Kupp: 8 catches, 92 yards, 2 TDs
Not bad, huh?

It's a tiny sample, but that's an average of 8.2 catches for 130 yards, with eight scores in three games!

Eight catches looks like a good target for Smith-Njigba.

He had at least seven catches in 13-of-19 games this season (including the postseason), but that figure is a bit misleading. Four of those six unders came in games Seattle won by 21 or more points. That means Smith-Njigba had 7+ catches in 11-of-13 other games (85%).

That also means Smith-Njigba's receptions line of 6.5 is badly mispriced and worth a play, even juiced to -139 (DraftKings). It's probably a full reception too low since he has 8+ catches in 10-of-13 non-blowout games. The alternate line of 8+ catches is worth a play at +130 (Fanatics).",284635,nfl,531972064,773591,2026-02-06T19:30:13.792Z,2026-02-06T19:30:13.792Z,2026-02-06T19:38:15+00:00,https://www.actionnetwork.com/_next/data/gTrZYK5vb77eiGJDZHqrW/nfl-game/seahawks-patriots-score-odds-february-8-2026/284635.json?league=nfl-game&slug=seahawks-patriots-score-odds-february-8-2026&gameId=284635,aac94b9d96da8b3e612144edfb0b8e4e0ce23a6d3e36457b11bc994c269af477
Kyle Murray,kylemurray03,-4.2064,122,154,8,ml,D.Maye Anytime TD Scorer Yes,0,330,0.5,unit,Anytime TD Scorer,,284635,nfl,530883560,1074136,2026-01-29T22:25:20.860Z,2026-01-29T22:25:20.860Z,2026-02-06T19:38:15+00:00,https://www.actionnetwork.com/_next/data/gTrZYK5vb77eiGJDZHqrW/nfl-game/seahawks-patriots-score-odds-february-8-2026/284635.json?league=nfl-game&slug=seahawks-patriots-score-odds-february-8-2026&gameId=284635,777baffbec1d4556eeb52fabbdbfb369178c8df72917c2e8f531a9b610c97c39
Kyle Murray,kylemurray03,-4.2064,122,154,8,total,M.Hollins o24.5 Rec Yds,24.5,-115,1.15,unit,Rec Yds,,284635,nfl,530883670,1074136,2026-01-29T22:25:49.870Z,2026-01-29T22:25:49.870Z,2026-02-06T19:38:15+00:00,https://www.actionnetwork.com/_next/data/gTrZYK5vb77eiGJDZHqrW/nfl-game/seahawks-patriots-score-odds-february-8-2026/284635.json?league=nfl-game&slug=seahawks-patriots-score-odds-february-8-2026&gameId=284635,d374270fa49ce350ba26f85918d15f748e4ef91cb8a917f1cafebf015b17df0f
Kyle Murray,kylemurray03,-4.2064,122,154,8,total,R.Stevenson u12.5 Longest Rush,12.5,-114,1.14,unit,Longest Rush,,284635,nfl,530883626,1074136,2026-01-29T22:25:34.988Z,2026-01-29T22:25:34.988Z,2026-02-06T19:38:15+00:00,https://www.actionnetwork.com/_next/data/gTrZYK5vb77eiGJDZHqrW/nfl-game/seahawks-patriots-score-odds-february-8-2026/284635.json?league=nfl-game&slug=seahawks-patriots-score-odds-february-8-2026&gameId=284635,9ca41da7f3387059d79c513258c62f30413275eee9e3fee53f2459aa2f41c7c3
Kyle Murray,kylemurray03,-4.2064,122,154,8,unknown,M.Hollins 50+ Receiving Yards Yes,50,310,0.5,unit,50+ Receiving Yards,,284635,nfl,530883802,1074136,2026-01-29T22:26:25.153Z,2026-01-29T22:26:25.153Z,2026-02-06T19:38:15+00:00,https://www.actionnetwork.com/_next/data/gTrZYK5vb77eiGJDZHqrW/nfl-game/seahawks-patriots-score-odds-february-8-2026/284635.json?league=nfl-game&slug=seahawks-patriots-score-odds-february-8-2026&gameId=284635,656df22ad0f22857138d13a4864094fba8f197c9a9a00db1aee90f62ddcea05f
Kyle Murray,kylemurray03,-4.2064,122,154,8,ml,M.Hollins Anytime TD Scorer Yes,0,425,0.35,unit,Anytime TD Scorer,,284635,nfl,530883875,1074136,2026-01-29T22:26:52.648Z,2026-01-29T22:26:52.648Z,2026-02-06T19:38:15+00:00,https://www.actionnetwork.com/_next/data/gTrZYK5vb77eiGJDZHqrW/nfl-game/seahawks-patriots-score-odds-february-8-2026/284635.json?league=nfl-game&slug=seahawks-patriots-score-odds-february-8-2026&gameId=284635,d7b2d858ccfa932a6bfad6f4893429a5768f02e143582b4493688524ac457a79
Kyle Murray,kylemurray03,-4.2064,122,154,8,ml,K.Tonga Anytime TD Scorer Yes,0,5000,0.05,unit,Anytime TD Scorer,Let’s party ,284635,nfl,530884004,1074136,2026-01-29T22:27:18.888Z,2026-01-29T22:27:18.888Z,2026-02-06T19:38:15+00:00,https://www.actionnetwork.com/_next/data/gTrZYK5vb77eiGJDZHqrW/nfl-game/seahawks-patriots-score-odds-february-8-2026/284635.json?league=nfl-game&slug=seahawks-patriots-score-odds-february-8-2026&gameId=284635,d0f3ca892777ca45588d9bd95d8e2100223772b444497884b574fb798d95a926
Sunday Six Pack,sundaysixpack,-3.209,8,10,0,unknown,Seahawks Total Players With Rushing Attempt - Over 4.5,-110,115,0.87,unit,Custom Picks, @Stuckey2 https://myaction.app/R9RkairQv0b,284635,nfl,531830638,1206560,2026-02-05T14:21:18.258Z,2026-02-05T14:21:18.258Z,2026-02-06T19:38:15+00:00,https://www.actionnetwork.com/_next/data/gTrZYK5vb77eiGJDZHqrW/nfl-game/seahawks-patriots-score-odds-february-8-2026/284635.json?league=nfl-game&slug=seahawks-patriots-score-odds-february-8-2026&gameId=284635,c36bc7edd830c2a84e980e510c431ba75c4d274ec04c172439d38b8c93b846e2
Sunday Six Pack,sundaysixpack,-3.209,8,10,0,props,SEA u25.5,25.5,-115,1.15,unit,, @Stuckey2 https://myaction.app/R9RkairQv0b,284635,nfl,531830450,1206560,2026-02-05T14:19:11.855Z,2026-02-05T14:19:11.855Z,2026-02-06T19:38:15+00:00,https://www.actionnetwork.com/_next/data/gTrZYK5vb77eiGJDZHqrW/nfl-game/seahawks-patriots-score-odds-february-8-2026/284635.json?league=nfl-game&slug=seahawks-patriots-score-odds-february-8-2026&gameId=284635,c1f04b0faa956032f09fd966eaae11180aecac4ae9c856a19c0d1ab23d11ce9f
Sunday Six Pack,sundaysixpack,-3.209,8,10,0,total,H.Henry o39.5 Rec Yds,39.5,-113,1.13,unit,Rec Yds, @Stuckey2 https://myaction.app/R9RkairQv0b,284635,nfl,531830451,1206560,2026-02-05T14:19:11.855Z,2026-02-05T14:19:11.855Z,2026-02-06T19:38:15+00:00,https://www.actionnetwork.com/_next/data/gTrZYK5vb77eiGJDZHqrW/nfl-game/seahawks-patriots-score-odds-february-8-2026/284635.json?league=nfl-game&slug=seahawks-patriots-score-odds-february-8-2026&gameId=284635,d73cfa4e9d9e8dd4c8277b237adb3450132fd3822c9d974b351ce4ee5363ab87
Sunday Six Pack,sundaysixpack,-3.209,8,10,0,total,D.Maye o36.5 Rush Yds,36.5,-113,1.13,unit,Rush Yds, @ChrisRaybon https://myaction.app/R9RkairQv0b,284635,nfl,531830452,1206560,2026-02-05T14:19:11.855Z,2026-02-05T14:19:11.855Z,2026-02-06T19:38:15+00:00,https://www.actionnetwork.com/_next/data/gTrZYK5vb77eiGJDZHqrW/nfl-game/seahawks-patriots-score-odds-february-8-2026/284635.json?league=nfl-game&slug=seahawks-patriots-score-odds-february-8-2026&gameId=284635,bc23befaa430cf66c5cacc5dfafe862c50c5f698ba2e3ba306e60fcb4678b1ca
Sunday Six Pack,sundaysixpack,-3.209,8,10,0,total,K.Walker u73.5 Rush Yds,73.5,-110,1.1,unit,Rush Yds, @ChrisRaybon https://myaction.app/R9RkairQv0b,284635,nfl,531830453,1206560,2026-02-05T14:19:11.855Z,2026-02-05T14:19:11.855Z,2026-02-06T19:38:15+00:00,https://www.actionnetwork.com/_next/data/gTrZYK5vb77eiGJDZHqrW/nfl-game/seahawks-patriots-score-odds-february-8-2026/284635.json?league=nfl-game&slug=seahawks-patriots-score-odds-february-8-2026&gameId=284635,c3fdf67d14695b0fd4d41a81f300cf04e90d1f7ec048ce2047d82ee429fa00ed
Sunday Six Pack,sundaysixpack,-3.209,8,10,0,unknown,Seahawks Team Total Rushing Yards - Under 106.5,-110,-120,1.2,unit,Custom Picks, @ChrisRaybon https://myaction.app/R9RkairQv0b,284635,nfl,531830721,1206560,2026-02-05T14:22:28.753Z,2026-02-05T14:22:28.753Z,2026-02-06T19:38:15+00:00,https://www.actionnetwork.com/_next/data/gTrZYK5vb77eiGJDZHqrW/nfl-game/seahawks-patriots-score-odds-february-8-2026/284635.json?league=nfl-game&slug=seahawks-patriots-score-odds-february-8-2026&gameId=284635,941d04770eea6da45cb69a9c6a303862c23e7940754b67a2f4015c78453c03f2
Lock & Cash,LCSports,-3.5193,14,16,0,total,S.Diggs u17.5 Longest Reception,17.5,-105,1,unit,Longest Reception,,284635,nfl,530719010,1263168,2026-01-28T20:35:48.584Z,2026-01-28T20:35:48.584Z,2026-02-06T19:38:15+00:00,https://www.actionnetwork.com/_next/data/gTrZYK5vb77eiGJDZHqrW/nfl-game/seahawks-patriots-score-odds-february-8-2026/284635.json?league=nfl-game&slug=seahawks-patriots-score-odds-february-8-2026&gameId=284635,f0d72d41fc1e210b31c7a50fba5a163d968004a21ab53d13a7869963fb258e66
Lock & Cash,LCSports,-3.5193,14,16,0,total,M.Hollins u2.5 Recs,2.5,-123,1,unit,Recs,,284635,nfl,530987780,1263168,2026-01-30T19:16:37.319Z,2026-01-30T19:16:37.319Z,2026-02-06T19:38:15+00:00,https://www.actionnetwork.com/_next/data/gTrZYK5vb77eiGJDZHqrW/nfl-game/seahawks-patriots-score-odds-february-8-2026/284635.json?league=nfl-game&slug=seahawks-patriots-score-odds-february-8-2026&gameId=284635,e9445a2df31a63777c368b4a093276a27d3bb0c8d87cb21a20ba5bf2c6bd2da7
Brandon Kravitz,BKPicks,13.487900000000003,78,74,0,ml,J.Smith-Njigba Anytime TD Scorer Yes,0,-100,1,unit,Anytime TD Scorer,,284635,nfl,530408638,1655153,2026-01-26T11:35:04.917Z,2026-01-26T11:35:04.917Z,2026-02-06T19:38:15+00:00,https://www.actionnetwork.com/_next/data/gTrZYK5vb77eiGJDZHqrW/nfl-game/seahawks-patriots-score-odds-february-8-2026/284635.json?league=nfl-game&slug=seahawks-patriots-score-odds-february-8-2026&gameId=284635,216cfd02e1dde4b8e3e3dd385bbc51a08040b8dbf237fe4eaf2bd55f08af6c7b
Brandon Kravitz,BKPicks,13.487900000000003,78,74,0,total,T.Henderson o25.5 Rush + Rec Yds,25.5,-115,0.58,unit,Rush + Rec Yds,,284635,nfl,531825608,1655153,2026-02-05T13:07:03.004Z,2026-02-05T13:07:03.004Z,2026-02-06T19:38:15+00:00,https://www.actionnetwork.com/_next/data/gTrZYK5vb77eiGJDZHqrW/nfl-game/seahawks-patriots-score-odds-february-8-2026/284635.json?league=nfl-game&slug=seahawks-patriots-score-odds-february-8-2026&gameId=284635,4f01d95e697a17bfb8cf62d71c3d2adc44c99893a4509633149b51ca887975e7
Brandon Kravitz,BKPicks,13.487900000000003,78,74,0,unknown,Under 8.5 (1Q),8.5,-110,2.2,unit,,"🔪 Super Bowls tend to start slow. They tend to start slow even when the combatants are used to the environment. Drake Maye and Sam Darnold are anything but familiar. The strength of both teams lies within their defensive capabilities, expect that facet of the game to win early.",284635,nfl,530412627,1655153,2026-01-26T13:36:10.045Z,2026-01-26T13:36:10.045Z,2026-02-06T19:38:15+00:00,https://www.actionnetwork.com/_next/data/gTrZYK5vb77eiGJDZHqrW/nfl-game/seahawks-patriots-score-odds-february-8-2026/284635.json?league=nfl-game&slug=seahawks-patriots-score-odds-february-8-2026&gameId=284635,5d0b6d8e9628c61c61894e9172f1039ee444e68477a8a3db253cbd557d928e73
Brandon Kravitz,BKPicks,13.487900000000003,78,74,0,unknown,NE +5,5,-110,1.1,unit,,"I think New England is being underestimated here, I firmly believe that if this game were in the regular season, and these 2 were playing a neutral site in Brazil or something, the line would be sliced in half. But because of recency bias, Drake Maye shoulder paranoia, and the market siding with Seattle (what feels like exclusively) we are getting value on NE. I think the best advice you can give to anyone is to bet the SB like its any other game. and if this were any other game throughout the season, we’d be betting NE + the 5, no doubt in my mind.",284635,nfl,530936672,1655153,2026-01-30T02:45:02.835Z,2026-01-30T02:45:02.835Z,2026-02-06T19:38:15+00:00,https://www.actionnetwork.com/_next/data/gTrZYK5vb77eiGJDZHqrW/nfl-game/seahawks-patriots-score-odds-february-8-2026/284635.json?league=nfl-game&slug=seahawks-patriots-score-odds-february-8-2026&gameId=284635,15a3cfa8894287e2790f53a8336f860749145632e1fb867a6c574ec3a4908658
Brandon Kravitz,BKPicks,13.487900000000003,78,74,0,total,D.Lawrence o0.5 Sacks,0.5,120,0.5,unit,Sacks,,284635,nfl,531548625,1655153,2026-02-03T15:37:01.995Z,2026-02-03T15:37:01.995Z,2026-02-06T19:38:15+00:00,https://www.actionnetwork.com/_next/data/gTrZYK5vb77eiGJDZHqrW/nfl-game/seahawks-patriots-score-odds-february-8-2026/284635.json?league=nfl-game&slug=seahawks-patriots-score-odds-february-8-2026&gameId=284635,faf1ff512612858f83637d569fe6a378b1775f31094c0fb06ce4fc1e897206a2
Brandon Kravitz,BKPicks,13.487900000000003,78,74,0,total,D.Douglas u11.5 Rec Yds,11.5,100,1,unit,Rec Yds,u11.5 (+100) sitting out there on NoVig. It’s 10.5 (-115) everywhere else I look. 🔪 ,284635,nfl,530641644,1655153,2026-01-28T03:07:04.437Z,2026-01-28T03:07:04.437Z,2026-02-06T19:38:15+00:00,https://www.actionnetwork.com/_next/data/gTrZYK5vb77eiGJDZHqrW/nfl-game/seahawks-patriots-score-odds-february-8-2026/284635.json?league=nfl-game&slug=seahawks-patriots-score-odds-february-8-2026&gameId=284635,dd759e8884800d6dde40ce85a12bbeca8056dcd28bf152583cac4ebf1aa2f82e
Brandon Kravitz,BKPicks,13.487900000000003,78,74,0,total,G.Holani o1.5 Recs,1.5,-110,0.55,unit,Recs,,284635,nfl,530643796,1655153,2026-01-28T03:29:01.351Z,2026-01-28T03:29:01.351Z,2026-02-06T19:38:15+00:00,https://www.actionnetwork.com/_next/data/gTrZYK5vb77eiGJDZHqrW/nfl-game/seahawks-patriots-score-odds-february-8-2026/284635.json?league=nfl-game&slug=seahawks-patriots-score-odds-february-8-2026&gameId=284635,e3c798e21ac5dbcf007b9eb83bfaa9e47ce1c639e2565b62437cbeec61b0d8f1
Gilles Gallant,GDAWG5000,6.434800000000001,15,27,0,total,S.Darnold o0.5 Int,0.5,-115,0.58,unit,Int,Plucking off this INT line at -115 since its -140 everywhere else.,284635,nfl,530422386,1895015,2026-01-26T16:12:12.214Z,2026-01-26T16:12:12.214Z,2026-02-06T19:38:15+00:00,https://www.actionnetwork.com/_next/data/gTrZYK5vb77eiGJDZHqrW/nfl-game/seahawks-patriots-score-odds-february-8-2026/284635.json?league=nfl-game&slug=seahawks-patriots-score-odds-february-8-2026&gameId=284635,eb5bc570b927002fbb6361c3161cf25a484b6c0f2b9999c609825c6e77202ae9
Gilles Gallant,GDAWG5000,6.434800000000001,15,27,0,unknown,A.J. Barner 2nd Half TD,-110,600,0.2,unit,Custom Picks,#Tailing @nick_giffen ,284635,nfl,531600555,1895015,2026-02-03T22:45:58.260Z,2026-02-03T22:45:58.260Z,2026-02-06T19:38:15+00:00,https://www.actionnetwork.com/_next/data/gTrZYK5vb77eiGJDZHqrW/nfl-game/seahawks-patriots-score-odds-february-8-2026/284635.json?league=nfl-game&slug=seahawks-patriots-score-odds-february-8-2026&gameId=284635,06909221928d8e1f49ca7edd9d177afd54dacc966c3cb83c4dde4653578fa36a
Gilles Gallant,GDAWG5000,6.434800000000001,15,27,0,total,L.Williams o3.5 Tackles + Ast,3.5,125,0.4,unit,Tackles + Ast,#Tailing @The_Oddsmaker ,284635,nfl,530993623,1895015,2026-01-30T20:09:11.341Z,2026-01-30T20:09:11.341Z,2026-02-06T19:38:15+00:00,https://www.actionnetwork.com/_next/data/gTrZYK5vb77eiGJDZHqrW/nfl-game/seahawks-patriots-score-odds-february-8-2026/284635.json?league=nfl-game&slug=seahawks-patriots-score-odds-february-8-2026&gameId=284635,af08876104fe787fba4c11ae4b3f89458fde9c9d377b50a02673ea6bef8e2c53
Gilles Gallant,GDAWG5000,6.434800000000001,15,27,0,total,R.Stevenson u53.5 Rush Yds,53.5,-115,0.58,unit,Rush Yds,#Tailing @The_Oddsmaker after I found a 53.5 at Bet365.,284635,nfl,530993890,1895015,2026-01-30T20:11:51.301Z,2026-01-30T20:11:51.301Z,2026-02-06T19:38:15+00:00,https://www.actionnetwork.com/_next/data/gTrZYK5vb77eiGJDZHqrW/nfl-game/seahawks-patriots-score-odds-february-8-2026/284635.json?league=nfl-game&slug=seahawks-patriots-score-odds-february-8-2026&gameId=284635,9780b768a3f1752e9d840d133503f60cfb66b7dd3f636097e9c41f56b4eb8231
Gilles Gallant,GDAWG5000,6.434800000000001,15,27,0,total,A.Barner u13.5 Longest Reception,13.5,-115,0.58,unit,Longest Reception,#Tailing @The_Oddsmaker ,284635,nfl,530994091,1895015,2026-01-30T20:13:36.595Z,2026-01-30T20:13:36.595Z,2026-02-06T19:38:15+00:00,https://www.actionnetwork.com/_next/data/gTrZYK5vb77eiGJDZHqrW/nfl-game/seahawks-patriots-score-odds-february-8-2026/284635.json?league=nfl-game&slug=seahawks-patriots-score-odds-february-8-2026&gameId=284635,9a8e3dc268853b96cd078cfb1fef1f26be636e603c999ea5171ef968b247c29d
Gilles Gallant,GDAWG5000,6.434800000000001,15,27,0,total,E.Arroyo o0.5 Recs,0.5,-110,0.55,unit,Recs,#Tailing @The_Oddsmaker & @ChrisRaybon ,284635,nfl,530994456,1895015,2026-01-30T20:16:33.376Z,2026-01-30T20:16:33.376Z,2026-02-06T19:38:15+00:00,https://www.actionnetwork.com/_next/data/gTrZYK5vb77eiGJDZHqrW/nfl-game/seahawks-patriots-score-odds-february-8-2026/284635.json?league=nfl-game&slug=seahawks-patriots-score-odds-february-8-2026&gameId=284635,4607b9011eea10fa56565a69ed982d10048b60a27bfed493e8feff7441c8b384
Gilles Gallant,GDAWG5000,6.434800000000001,15,27,0,ml,D.Maye Player To Have Most Rushing Yards Yes,0,750,0.2,unit,Player To Have Most Rushing Yards,#Tailing @ChrisRaybon ,284635,nfl,530885462,1895015,2026-01-29T22:34:44.549Z,2026-01-29T22:34:44.549Z,2026-02-06T19:38:15+00:00,https://www.actionnetwork.com/_next/data/gTrZYK5vb77eiGJDZHqrW/nfl-game/seahawks-patriots-score-odds-february-8-2026/284635.json?league=nfl-game&slug=seahawks-patriots-score-odds-february-8-2026&gameId=284635,2d38e66f65dcb26a7b0f84a0c975af46b6ad67656f5fee935652645d743a103c
Gilles Gallant,GDAWG5000,6.434800000000001,15,27,0,ml,D.Maye 2+ TDs Yes,0,4000,0.15,unit,2+ TDs,"Already got em for ATD at +410, may as well 🪜 and let the young man rumble!",284635,nfl,530889534,1895015,2026-01-29T22:53:22.952Z,2026-01-29T22:53:22.952Z,2026-02-06T19:38:15+00:00,https://www.actionnetwork.com/_next/data/gTrZYK5vb77eiGJDZHqrW/nfl-game/seahawks-patriots-score-odds-february-8-2026/284635.json?league=nfl-game&slug=seahawks-patriots-score-odds-february-8-2026&gameId=284635,b292ecf25e13f2896a9ed647688bd023445c7d2e5a983a09cd760a6e4125f9ad
Gilles Gallant,GDAWG5000,6.434800000000001,15,27,0,ml,D.Maye Anytime TD Scorer Yes,0,410,0.5,unit,Anytime TD Scorer,,284635,nfl,530395458,1895015,2026-01-26T03:18:27.672Z,2026-01-26T03:18:27.672Z,2026-02-06T19:38:15+00:00,https://www.actionnetwork.com/_next/data/gTrZYK5vb77eiGJDZHqrW/nfl-game/seahawks-patriots-score-odds-february-8-2026/284635.json?league=nfl-game&slug=seahawks-patriots-score-odds-february-8-2026&gameId=284635,e4889036a7a8c615b43e921797f9cffbcde737835792f1f2804ce1828223f690
Gilles Gallant,GDAWG5000,6.434800000000001,15,27,0,unknown,Super Bowl 60 - Defense Or Special Teams TD - Either Team,-110,260,0.4,unit,Custom Picks,My fave Novelty TD Prop for SB60 under “Score Props” at Bet365,284635,nfl,531894781,1895015,2026-02-05T23:39:14.646Z,2026-02-05T23:39:14.646Z,2026-02-06T19:38:15+00:00,https://www.actionnetwork.com/_next/data/gTrZYK5vb77eiGJDZHqrW/nfl-game/seahawks-patriots-score-odds-february-8-2026/284635.json?league=nfl-game&slug=seahawks-patriots-score-odds-february-8-2026&gameId=284635,9dd497cd5fe662c9bde70c760677b899fe59b168f8f090e3c7d171e651ad84ca
Nick Giffen,nick_giffen,0.012400000000000855,22,37,0,total,T.Henderson o0.5 Recs,0.5,-140,0.7,unit,Recs,"TreVeyon Henderson over 0.5 receptions (-140 at BetMGM, Caesars, Hard Rock)

Henderson got phased out of the offense for the most part in the conference championship game, but a lot of that has to do with the snow and with the Patriots playing with the lead, with Vrabel trusting Rhamondre Stevenson not to fumble in the conditions.

With a week off to prepare, in ideal conditions, and the Patriots more likely to trail than not, I can see Henderson drifting back toward his usage in the first two rounds of the playoffs which, while still not a ton, was 17 routes in two games, being targeted three times.

This is a spot where his target rate should theoretically go up, as the Seahawks play a lot of zone coverage (5th most in the NFL), and lean toward two-high safety looks. Against zone, Henderson has been targeted on 21% of his routes, compared to just 6% of routes against man coverage.

And against two-high safety looks, Henderson's target rate is 22% compared to 15% against single high looks.

We also have to factor in that Seattle is a high pressure defense, and while everyone's target per route goes down under pressure (because of sacks, throwaways, and QB scrambles), Henderson's drops less than the average receiver, with the third-lowest dip when Maye is under pressure of 9 regular Patriot pass catchers.

With two weeks to scheme things up, I'd look for a designed play to help bust this stingy Seahawks zone defense that allows the most targets per game in the league to RBs.

I'd play this to -165, meaning all current available prices at the time I dropped the pick in the Action App are playable.",284635,nfl,530446501,2099164,2026-01-26T20:00:35.580Z,2026-01-26T20:00:35.580Z,2026-02-06T19:38:15+00:00,https://www.actionnetwork.com/_next/data/gTrZYK5vb77eiGJDZHqrW/nfl-game/seahawks-patriots-score-odds-february-8-2026/284635.json?league=nfl-game&slug=seahawks-patriots-score-odds-february-8-2026&gameId=284635,9e071c135add5f3c67ef01055097c4f074c529496190ef6dbdf2bb35753a2be8
Nick Giffen,nick_giffen,0.012400000000000855,22,37,0,unknown,A.J. Barner 3rd Quarter TD,-1,1200,0.2,unit,Custom Picks,As given on prop show ,284635,nfl,531597935,2099164,2026-02-03T22:34:16.534Z,2026-02-03T22:34:16.534Z,2026-02-06T19:38:15+00:00,https://www.actionnetwork.com/_next/data/gTrZYK5vb77eiGJDZHqrW/nfl-game/seahawks-patriots-score-odds-february-8-2026/284635.json?league=nfl-game&slug=seahawks-patriots-score-odds-february-8-2026&gameId=284635,f7382df5480f459a9d5a44ebced62da9a9790135a0094b08ddea4957ad857ee5
Nick Giffen,nick_giffen,0.012400000000000855,22,37,0,unknown,A.J. Barner 2nd Half TD,-110,600,0.3,unit,Custom Picks,As given on prop show,284635,nfl,531598174,2099164,2026-02-03T22:35:26.723Z,2026-02-03T22:35:26.723Z,2026-02-06T19:38:15+00:00,https://www.actionnetwork.com/_next/data/gTrZYK5vb77eiGJDZHqrW/nfl-game/seahawks-patriots-score-odds-february-8-2026/284635.json?league=nfl-game&slug=seahawks-patriots-score-odds-february-8-2026&gameId=284635,977c9e8410015e803521a0ec54f5b0f67dc152b5b15c0372b9441d30faf482c2
Nick Giffen,nick_giffen,0.012400000000000855,22,37,0,unknown,1st Reception Yards: C. Kupp under 10.5,10.5,-120,1,unit,Custom Picks,"*MY SPECIALTY BET*

As given on Prop show

",284635,nfl,531597520,2099164,2026-02-03T22:32:28.172Z,2026-02-03T22:32:28.172Z,2026-02-06T19:38:15+00:00,https://www.actionnetwork.com/_next/data/gTrZYK5vb77eiGJDZHqrW/nfl-game/seahawks-patriots-score-odds-february-8-2026/284635.json?league=nfl-game&slug=seahawks-patriots-score-odds-february-8-2026&gameId=284635,430a159074a6e45b052f1d35795fb4af66fcf5d49f08f66bb074b2da7b3d5b96
Nick Giffen,nick_giffen,0.012400000000000855,22,37,0,total,R.Stevenson u12.5 Longest Rush,12.5,-114,1.14,unit,Longest Rush,As given on prop show,284635,nfl,531597618,2099164,2026-02-03T22:33:00.201Z,2026-02-03T22:33:00.201Z,2026-02-06T19:38:15+00:00,https://www.actionnetwork.com/_next/data/gTrZYK5vb77eiGJDZHqrW/nfl-game/seahawks-patriots-score-odds-february-8-2026/284635.json?league=nfl-game&slug=seahawks-patriots-score-odds-february-8-2026&gameId=284635,ebe7f6082ba8c5fd8c176482f51631b259eb0e6a7b6fca2b33a5dacaf57ce456
Nick Giffen,nick_giffen,0.012400000000000855,22,37,0,unknown,SB LX: Total Game Sacks - Over 4.5,4.5,-140,1,unit,Custom Picks,Propapalooza,284635,nfl,531007352,2099164,2026-01-30T22:07:03.918Z,2026-01-30T22:07:03.918Z,2026-02-06T19:38:15+00:00,https://www.actionnetwork.com/_next/data/gTrZYK5vb77eiGJDZHqrW/nfl-game/seahawks-patriots-score-odds-february-8-2026/284635.json?league=nfl-game&slug=seahawks-patriots-score-odds-february-8-2026&gameId=284635,471cb44bf73342c9e6472a3a250a17d8fe7c9ad66e5079a3c105e2268efc3134
Nick Giffen,nick_giffen,0.012400000000000855,22,37,0,unknown,D. Maye under 6.5 1Q Rush Yds,6.5,-113,1.13,unit,Custom Picks,Propapalooza,284635,nfl,531010421,2099164,2026-01-30T22:27:28.149Z,2026-01-30T22:27:28.148Z,2026-02-06T19:38:15+00:00,https://www.actionnetwork.com/_next/data/gTrZYK5vb77eiGJDZHqrW/nfl-game/seahawks-patriots-score-odds-february-8-2026/284635.json?league=nfl-game&slug=seahawks-patriots-score-odds-february-8-2026&gameId=284635,1024885c93c78b73328821980665223669ebe3125d8da5566f26f52f471594b1
Nick Giffen,nick_giffen,0.012400000000000855,22,37,0,unknown,J. Love to Record a defensive Interception ,0.5,800,0.25,unit,Custom Picks,Propapalooza ,284635,nfl,531010622,2099164,2026-01-30T22:28:33.124Z,2026-01-30T22:28:33.124Z,2026-02-06T19:38:15+00:00,https://www.actionnetwork.com/_next/data/gTrZYK5vb77eiGJDZHqrW/nfl-game/seahawks-patriots-score-odds-february-8-2026/284635.json?league=nfl-game&slug=seahawks-patriots-score-odds-february-8-2026&gameId=284635,4c39d0601c0d1f8a86048dac1f5eccf156444aedefee1a2c965b2fb6c90f4e15
Nick Giffen,nick_giffen,0.012400000000000855,22,37,0,unknown,C. Bryant to Record a defensive Interception ,0.5,950,0.2,unit,Custom Picks,Propapalooza,284635,nfl,531010864,2099164,2026-01-30T22:29:48.396Z,2026-01-30T22:29:48.396Z,2026-02-06T19:38:15+00:00,https://www.actionnetwork.com/_next/data/gTrZYK5vb77eiGJDZHqrW/nfl-game/seahawks-patriots-score-odds-february-8-2026/284635.json?league=nfl-game&slug=seahawks-patriots-score-odds-february-8-2026&gameId=284635,d30a944c8302b248aa731fb7be297d78c7ca67eda1f024b887b343a0edcdac8c
Action Pod NFL Picks,ActionNetworkPodcast,-14.4877,22,76,0,props,SEA u25.5,25.5,-115,1,unit,, @Stuckey2 https://myaction.app/R9RkairQv0b,284635,nfl,531830959,2439213,2026-02-05T14:24:32.338Z,2026-02-05T14:24:32.338Z,2026-02-06T19:38:15+00:00,https://www.actionnetwork.com/_next/data/gTrZYK5vb77eiGJDZHqrW/nfl-game/seahawks-patriots-score-odds-february-8-2026/284635.json?league=nfl-game&slug=seahawks-patriots-score-odds-february-8-2026&gameId=284635,e464f557983864b178b4f0f2b84876fd56a4ec23d3a592ea0a6224bdff3091c1
Action Pod NFL Picks,ActionNetworkPodcast,-14.4877,22,76,0,unknown,Seahawks Total Players With Rushing Attempt - Over 4.5,-110,115,1,unit,Custom Picks, @Stuckey2 https://myaction.app/R9RkairQv0b,284635,nfl,531830997,2439213,2026-02-05T14:24:54.292Z,2026-02-05T14:24:54.292Z,2026-02-06T19:38:15+00:00,https://www.actionnetwork.com/_next/data/gTrZYK5vb77eiGJDZHqrW/nfl-game/seahawks-patriots-score-odds-february-8-2026/284635.json?league=nfl-game&slug=seahawks-patriots-score-odds-february-8-2026&gameId=284635,657ad28a0bfea07b1b73d40f2c6f02a4bdc0621108272f9f89744495a1fb856d
Action Pod NFL Picks,ActionNetworkPodcast,-14.4877,22,76,0,unknown,Seahawks Team Total Rushing Yards - Under 106.5,-110,-120,1,unit,Custom Picks, @ChrisRaybon https://myaction.app/R9RkairQv0b,284635,nfl,531831144,2439213,2026-02-05T14:26:46.915Z,2026-02-05T14:26:46.915Z,2026-02-06T19:38:15+00:00,https://www.actionnetwork.com/_next/data/gTrZYK5vb77eiGJDZHqrW/nfl-game/seahawks-patriots-score-odds-february-8-2026/284635.json?league=nfl-game&slug=seahawks-patriots-score-odds-february-8-2026&gameId=284635,44675ff69bc61281129e6f7b725f714f1103a121b60192349b6e4afd8889594b
Action Pod NFL Picks,ActionNetworkPodcast,-14.4877,22,76,0,total,H.Henry o39.5 Rec Yds,39.5,-113,1,unit,Rec Yds, @Stuckey2 https://myaction.app/R9RkairQv0b,284635,nfl,531830960,2439213,2026-02-05T14:24:32.338Z,2026-02-05T14:24:32.338Z,2026-02-06T19:38:15+00:00,https://www.actionnetwork.com/_next/data/gTrZYK5vb77eiGJDZHqrW/nfl-game/seahawks-patriots-score-odds-february-8-2026/284635.json?league=nfl-game&slug=seahawks-patriots-score-odds-february-8-2026&gameId=284635,a03ded2d18541441fb8da599fb18ed7c76ff52baf86d8951f1a9c7a30c69787e
Action Pod NFL Picks,ActionNetworkPodcast,-14.4877,22,76,0,total,D.Maye o36.5 Rush Yds,36.5,-113,1,unit,Rush Yds, @ChrisRaybon https://myaction.app/R9RkairQv0b,284635,nfl,531830961,2439213,2026-02-05T14:24:32.338Z,2026-02-05T14:24:32.338Z,2026-02-06T19:38:15+00:00,https://www.actionnetwork.com/_next/data/gTrZYK5vb77eiGJDZHqrW/nfl-game/seahawks-patriots-score-odds-february-8-2026/284635.json?league=nfl-game&slug=seahawks-patriots-score-odds-february-8-2026&gameId=284635,e35e739718a8b3d0177f99460a2a7b4e16c5f95da7bfdea649f2468ac783e853
Action Pod NFL Picks,ActionNetworkPodcast,-14.4877,22,76,0,total,K.Walker u73.5 Rush Yds,73.5,-110,1,unit,Rush Yds, @ChrisRaybon https://myaction.app/R9RkairQv0b,284635,nfl,531830962,2439213,2026-02-05T14:24:32.338Z,2026-02-05T14:24:32.338Z,2026-02-06T19:38:15+00:00,https://www.actionnetwork.com/_next/data/gTrZYK5vb77eiGJDZHqrW/nfl-game/seahawks-patriots-score-odds-february-8-2026/284635.json?league=nfl-game&slug=seahawks-patriots-score-odds-february-8-2026&gameId=284635,58e1b8d5946d090eb4ebe94191f09338845b1887b23ae454287e01bc87cb512a
Action Pod NFL Picks,ActionNetworkPodcast,-14.4877,22,76,0,ml,D.Maye Player To Have Most Rushing Yards Yes,0,700,0.14,unit,Player To Have Most Rushing Yards, @ChrisRaybon Prop-A-Palooza https://myaction.app/Ec678CCKk0b,284635,nfl,530878261,2439213,2026-01-29T21:57:56.639Z,2026-01-29T21:57:56.639Z,2026-02-06T19:38:15+00:00,https://www.actionnetwork.com/_next/data/gTrZYK5vb77eiGJDZHqrW/nfl-game/seahawks-patriots-score-odds-february-8-2026/284635.json?league=nfl-game&slug=seahawks-patriots-score-odds-february-8-2026&gameId=284635,8ee98b85dae7f7aca71220e4a4ed4ae74fba0047becaa258d00d822210a718b0
Action Pod NFL Picks,ActionNetworkPodcast,-14.4877,22,76,0,total,R.Stevenson u12.5 Longest Rush,12.5,-117,1,unit,Longest Rush, @kylemurray03 Prop-A-Palooza https://myaction.app/Ec678CCKk0b,284635,nfl,530878262,2439213,2026-01-29T21:57:56.639Z,2026-01-29T21:57:56.639Z,2026-02-06T19:38:15+00:00,https://www.actionnetwork.com/_next/data/gTrZYK5vb77eiGJDZHqrW/nfl-game/seahawks-patriots-score-odds-february-8-2026/284635.json?league=nfl-game&slug=seahawks-patriots-score-odds-february-8-2026&gameId=284635,c0490e2359cfb3b554efd5f21717b1a020cdb0b7b372a253bed3439dc0f1545e
Action Pod NFL Picks,ActionNetworkPodcast,-14.4877,22,76,0,total,D.Maye o36.5 Rush Yds,36.5,-118,1,unit,Rush Yds, @ChrisRaybon Prop-A-Palooza https://myaction.app/Ec678CCKk0b,284635,nfl,530878263,2439213,2026-01-29T21:57:56.639Z,2026-01-29T21:57:56.639Z,2026-02-06T19:38:15+00:00,https://www.actionnetwork.com/_next/data/gTrZYK5vb77eiGJDZHqrW/nfl-game/seahawks-patriots-score-odds-february-8-2026/284635.json?league=nfl-game&slug=seahawks-patriots-score-odds-february-8-2026&gameId=284635,825fe69c76c32cd31c48f9cabd543889a94ea17a4c81ff34577ace1c5e33eba7
Action Pod NFL Picks,ActionNetworkPodcast,-14.4877,22,76,0,total,M.Hollins o25.5 Rec Yds,25.5,-115,1,unit,Rec Yds, @kylemurray03 Prop-A-Palooza https://myaction.app/Ec678CCKk0b,284635,nfl,530878264,2439213,2026-01-29T21:57:56.639Z,2026-01-29T21:57:56.639Z,2026-02-06T19:38:15+00:00,https://www.actionnetwork.com/_next/data/gTrZYK5vb77eiGJDZHqrW/nfl-game/seahawks-patriots-score-odds-february-8-2026/284635.json?league=nfl-game&slug=seahawks-patriots-score-odds-february-8-2026&gameId=284635,7cdb7f04e73db3bb4d9cb01665b490739b7c811ebda38fc0a673953867dda52f
Action Pod NFL Picks,ActionNetworkPodcast,-14.4877,22,76,0,total,D.Lawrence o0.25 Sacks,0.25,154,0.65,unit,Sacks, @The_Oddsmaker Prop-A-Palooza https://myaction.app/Ec678CCKk0b,284635,nfl,530878265,2439213,2026-01-29T21:57:56.639Z,2026-01-29T21:57:56.639Z,2026-02-06T19:38:15+00:00,https://www.actionnetwork.com/_next/data/gTrZYK5vb77eiGJDZHqrW/nfl-game/seahawks-patriots-score-odds-february-8-2026/284635.json?league=nfl-game&slug=seahawks-patriots-score-odds-february-8-2026&gameId=284635,1cb6dee0feea46d8aea265a1abb2860fedfc65a148f6abf18ae38ac56239d851
Action Pod NFL Picks,ActionNetworkPodcast,-14.4877,22,76,0,unknown,T.Henderson 50+ Rushing Yards Yes,50,780,0.13,unit,50+ Rushing Yards, @ChrisRaybon Prop-A-Palooza https://myaction.app/Ec678CCKk0b,284635,nfl,530878266,2439213,2026-01-29T21:57:56.639Z,2026-01-29T21:57:56.639Z,2026-02-06T19:38:15+00:00,https://www.actionnetwork.com/_next/data/gTrZYK5vb77eiGJDZHqrW/nfl-game/seahawks-patriots-score-odds-february-8-2026/284635.json?league=nfl-game&slug=seahawks-patriots-score-odds-february-8-2026&gameId=284635,13afb553e93e940218043e1330d589ada684071f1f58747a8cc019bb87400df9
Action Pod NFL Picks,ActionNetworkPodcast,-14.4877,22,76,0,ml,D.Maye Anytime TD Scorer Yes,0,300,0.33,unit,Anytime TD Scorer, @kylemurray03 Prop-A-Palooza https://myaction.app/Ec678CCKk0b,284635,nfl,530878267,2439213,2026-01-29T21:57:56.639Z,2026-01-29T21:57:56.639Z,2026-02-06T19:38:15+00:00,https://www.actionnetwork.com/_next/data/gTrZYK5vb77eiGJDZHqrW/nfl-game/seahawks-patriots-score-odds-february-8-2026/284635.json?league=nfl-game&slug=seahawks-patriots-score-odds-february-8-2026&gameId=284635,a30ea17e5c6db742b728230cbb0bb55ecc037585bb295af7cbe5022fbe5c514d
Action Pod NFL Picks,ActionNetworkPodcast,-14.4877,22,76,0,props,Hunter Henry 1st Quarter Receiving Yards u4.5,-110,-112,1,unit,Custom Picks, @The_Oddsmaker Prop-A-Palooza https://myaction.app/Ec678CCKk0b,284635,nfl,530879800,2439213,2026-01-29T22:05:28.502Z,2026-01-29T22:05:28.502Z,2026-02-06T19:38:15+00:00,https://www.actionnetwork.com/_next/data/gTrZYK5vb77eiGJDZHqrW/nfl-game/seahawks-patriots-score-odds-february-8-2026/284635.json?league=nfl-game&slug=seahawks-patriots-score-odds-february-8-2026&gameId=284635,988ebe26a2dc4067c8f87cd8b684c4035f6188029f5e9db6356a21667869050a
Action Pod NFL Picks,ActionNetworkPodcast,-14.4877,22,76,0,props,Hunter Henry 2nd Quarter Receiving Yards o8.5,-110,-112,1,unit,Custom Picks, @The_Oddsmaker Prop-A-Palooza https://myaction.app/Ec678CCKk0b,284635,nfl,530879984,2439213,2026-01-29T22:06:23.949Z,2026-01-29T22:06:23.949Z,2026-02-06T19:38:15+00:00,https://www.actionnetwork.com/_next/data/gTrZYK5vb77eiGJDZHqrW/nfl-game/seahawks-patriots-score-odds-february-8-2026/284635.json?league=nfl-game&slug=seahawks-patriots-score-odds-february-8-2026&gameId=284635,785eb560d2eeadbe5b4485cf90dd5f80c8996dfc0b815f8c9f11489a18f0cabb
Action Pod NFL Picks,ActionNetworkPodcast,-14.4877,22,76,0,unknown,Which Quarter will Rhamondre Stevenson have the Most Rushing Yards - Q1,-110,290,0.34,unit,Custom Picks, @The_Oddsmaker Prop-A-Palooza https://myaction.app/xPQAd6TQk0b,284635,nfl,530896934,2439213,2026-01-29T23:21:58.023Z,2026-01-29T23:21:58.023Z,2026-02-06T19:38:15+00:00,https://www.actionnetwork.com/_next/data/gTrZYK5vb77eiGJDZHqrW/nfl-game/seahawks-patriots-score-odds-february-8-2026/284635.json?league=nfl-game&slug=seahawks-patriots-score-odds-february-8-2026&gameId=284635,9d002142e4238062b61610b30fc3f8daf7f50055a5561a0fdea1a0f4f879c146
Action Pod NFL Picks,ActionNetworkPodcast,-14.4877,22,76,0,unknown,Seahawks To Score First & Win,-110,125,0.8,unit,Custom Picks,@wheatonbrando https://myaction.app/HfWCrlBwx0b,284635,nfl,531950383,2439213,2026-02-06T14:43:19.508Z,2026-02-06T14:43:19.508Z,2026-02-06T19:38:15+00:00,https://www.actionnetwork.com/_next/data/gTrZYK5vb77eiGJDZHqrW/nfl-game/seahawks-patriots-score-odds-february-8-2026/284635.json?league=nfl-game&slug=seahawks-patriots-score-odds-february-8-2026&gameId=284635,e179338575815047021a4d4bc4ba664263e8eda6bb526f1c5f924229cb187ec0
Action Pod NFL Picks,ActionNetworkPodcast,-14.4877,22,76,0,unknown,J.Smith-Njigba 8+ Receptions Yes,8,130,0.77,unit,8+ Receptions,@wheatonbrando https://myaction.app/HfWCrlBwx0b,284635,nfl,531950057,2439213,2026-02-06T14:38:38.544Z,2026-02-06T14:38:38.544Z,2026-02-06T19:38:15+00:00,https://www.actionnetwork.com/_next/data/gTrZYK5vb77eiGJDZHqrW/nfl-game/seahawks-patriots-score-odds-february-8-2026/284635.json?league=nfl-game&slug=seahawks-patriots-score-odds-february-8-2026&gameId=284635,fd9ed5129010d6c7e372ef30320fcc18cf99bd716c049632f7c29bd0b1f847a0
Action Pod NFL Picks,ActionNetworkPodcast,-14.4877,22,76,0,total,H.Henry o39.5 Rec Yds,39.5,105,0.95,unit,Rec Yds,@wheatonbrando https://myaction.app/HfWCrlBwx0b,284635,nfl,531950079,2439213,2026-02-06T14:39:03.898Z,2026-02-06T14:39:03.898Z,2026-02-06T19:38:15+00:00,https://www.actionnetwork.com/_next/data/gTrZYK5vb77eiGJDZHqrW/nfl-game/seahawks-patriots-score-odds-february-8-2026/284635.json?league=nfl-game&slug=seahawks-patriots-score-odds-february-8-2026&gameId=284635,b975db2ea951be4f07c2416197cf51b4bfcecf1ba57ffc586bd81a63a25a1252
Action Pod NFL Picks,ActionNetworkPodcast,-14.4877,22,76,0,props,NE u20.5,20.5,-115,1,unit,,@wheatonbrando https://myaction.app/HfWCrlBwx0b,284635,nfl,531949946,2439213,2026-02-06T14:36:27.987Z,2026-02-06T14:36:27.987Z,2026-02-06T19:38:15+00:00,https://www.actionnetwork.com/_next/data/gTrZYK5vb77eiGJDZHqrW/nfl-game/seahawks-patriots-score-odds-february-8-2026/284635.json?league=nfl-game&slug=seahawks-patriots-score-odds-february-8-2026&gameId=284635,35590f8a490d08d21c908ac9623487a6f410b32f0a4d272c71b83cf8f8c6e6ee
Action Pod NFL Picks,ActionNetworkPodcast,-14.4877,22,76,0,unknown,SEA -4.5,-4.5,-115,1,unit,,@wheatonbrando https://myaction.app/HfWCrlBwx0b,284635,nfl,531949957,2439213,2026-02-06T14:36:45.663Z,2026-02-06T14:36:45.663Z,2026-02-06T19:38:15+00:00,https://www.actionnetwork.com/_next/data/gTrZYK5vb77eiGJDZHqrW/nfl-game/seahawks-patriots-score-odds-february-8-2026/284635.json?league=nfl-game&slug=seahawks-patriots-score-odds-february-8-2026&gameId=284635,d1cdd0de4925a11c0c1e66f486216d91388919b748e76a0461275397e9282ef5
Action Pod NFL Picks,ActionNetworkPodcast,-14.4877,22,76,0,total,K.Walker o2.5 Recs,2.5,-120,1,unit,Recs,@wheatonbrando https://myaction.app/HfWCrlBwx0b,284635,nfl,531950185,2439213,2026-02-06T14:40:29.775Z,2026-02-06T14:40:29.775Z,2026-02-06T19:38:15+00:00,https://www.actionnetwork.com/_next/data/gTrZYK5vb77eiGJDZHqrW/nfl-game/seahawks-patriots-score-odds-february-8-2026/284635.json?league=nfl-game&slug=seahawks-patriots-score-odds-february-8-2026&gameId=284635,ddb27187090fbc9a98bb733217d739b493ff79989b2bb4efa7454a04be03c203
Action Pod NFL Picks,ActionNetworkPodcast,-14.4877,22,76,0,unknown,K.Walker 30+ Receiving Yards Yes,30,160,0.63,unit,30+ Receiving Yards,@wheatonbrando https://myaction.app/HfWCrlBwx0b,284635,nfl,531950186,2439213,2026-02-06T14:40:29.775Z,2026-02-06T14:40:29.775Z,2026-02-06T19:38:15+00:00,https://www.actionnetwork.com/_next/data/gTrZYK5vb77eiGJDZHqrW/nfl-game/seahawks-patriots-score-odds-february-8-2026/284635.json?league=nfl-game&slug=seahawks-patriots-score-odds-february-8-2026&gameId=284635,87c78d8152fa93b3d3574b88f579e67ccba98dbb078829ee62bdad7ff4d07f0e
Action Pod NFL Picks,ActionNetworkPodcast,-14.4877,22,76,0,total,J.Smith-Njigba o6.5 Recs,6.5,-139,1,unit,Recs,@wheatonbrando https://myaction.app/HfWCrlBwx0b,284635,nfl,531950039,2439213,2026-02-06T14:38:16.500Z,2026-02-06T14:38:16.500Z,2026-02-06T19:38:15+00:00,https://www.actionnetwork.com/_next/data/gTrZYK5vb77eiGJDZHqrW/nfl-game/seahawks-patriots-score-odds-february-8-2026/284635.json?league=nfl-game&slug=seahawks-patriots-score-odds-february-8-2026&gameId=284635,cc9f994ab69e672680156aa667326d1df00f61de049ce23708ae26deef6d1af5
Action Pod NFL Picks,ActionNetworkPodcast,-14.4877,22,76,0,unknown,H.Henry 50+ Receiving Yards Yes,50,155,0.65,unit,50+ Receiving Yards,@wheatonbrando https://myaction.app/HfWCrlBwx0b,284635,nfl,531950136,2439213,2026-02-06T14:39:45.314Z,2026-02-06T14:39:45.313Z,2026-02-06T19:38:15+00:00,https://www.actionnetwork.com/_next/data/gTrZYK5vb77eiGJDZHqrW/nfl-game/seahawks-patriots-score-odds-february-8-2026/284635.json?league=nfl-game&slug=seahawks-patriots-score-odds-february-8-2026&gameId=284635,320ac92e517744b5aa8a309f823aa2d407746506163a2f8d48743fe2f263b904
Action Pod NFL Picks,ActionNetworkPodcast,-14.4877,22,76,0,unknown,H.Henry 80+ Receiving Yards Yes,80,630,0.16,unit,80+ Receiving Yards,@wheatonbrando https://myaction.app/HfWCrlBwx0b,284635,nfl,531950137,2439213,2026-02-06T14:39:45.314Z,2026-02-06T14:39:45.314Z,2026-02-06T19:38:15+00:00,https://www.actionnetwork.com/_next/data/gTrZYK5vb77eiGJDZHqrW/nfl-game/seahawks-patriots-score-odds-february-8-2026/284635.json?league=nfl-game&slug=seahawks-patriots-score-odds-february-8-2026&gameId=284635,b8e93ecd2c604391fa74ac9d333e859ce764c5d6c14b82a8aba5c57925cdf58b
Action Pod NFL Picks,ActionNetworkPodcast,-14.4877,22,76,0,total,R.Shaheed o2.5 Rush Yds,2.5,-110,1,unit,Rush Yds,@wheatonbrando https://myaction.app/HfWCrlBwx0b,284635,nfl,531950227,2439213,2026-02-06T14:41:00.833Z,2026-02-06T14:41:00.833Z,2026-02-06T19:38:15+00:00,https://www.actionnetwork.com/_next/data/gTrZYK5vb77eiGJDZHqrW/nfl-game/seahawks-patriots-score-odds-february-8-2026/284635.json?league=nfl-game&slug=seahawks-patriots-score-odds-february-8-2026&gameId=284635,9f73511df127553462872efbb8292d481a70d2495d983ce909999b211d1879df
Action Pod NFL Picks,ActionNetworkPodcast,-14.4877,22,76,0,unknown,Either Team To Score D/ST Touchdown,-110,265,0.38,unit,Custom Picks,@wheatonbrando https://myaction.app/HfWCrlBwx0b,284635,nfl,531950432,2439213,2026-02-06T14:44:00.870Z,2026-02-06T14:44:00.870Z,2026-02-06T19:38:15+00:00,https://www.actionnetwork.com/_next/data/gTrZYK5vb77eiGJDZHqrW/nfl-game/seahawks-patriots-score-odds-february-8-2026/284635.json?league=nfl-game&slug=seahawks-patriots-score-odds-february-8-2026&gameId=284635,cb628c51729d3442c23987ed7fccd3e3203e1a8cc2b90ea707983d456f717a2d
Action Pod NFL Picks,ActionNetworkPodcast,-14.4877,22,76,0,unknown,Any Defensive Player To Win Super Bowl MVP,-110,1500,0.1,unit,Custom Picks,@wheatonbrando https://myaction.app/HfWCrlBwx0b,284635,nfl,531950502,2439213,2026-02-06T14:45:04.765Z,2026-02-06T14:45:04.765Z,2026-02-06T19:38:15+00:00,https://www.actionnetwork.com/_next/data/gTrZYK5vb77eiGJDZHqrW/nfl-game/seahawks-patriots-score-odds-february-8-2026/284635.json?league=nfl-game&slug=seahawks-patriots-score-odds-february-8-2026&gameId=284635,2c04392e859b9fe56702b96ae6762df66e493315f10f78e4b1afdd262220d41a
Action Pod NFL Picks,ActionNetworkPodcast,-14.4877,22,76,0,unknown,Longest Rush Of Game - Rashid Shaheed,-110,3000,0.1,unit,Custom Picks,@wheatonbrando https://myaction.app/HfWCrlBwx0b,284635,nfl,531950770,2439213,2026-02-06T14:49:24.901Z,2026-02-06T14:49:24.901Z,2026-02-06T19:38:15+00:00,https://www.actionnetwork.com/_next/data/gTrZYK5vb77eiGJDZHqrW/nfl-game/seahawks-patriots-score-odds-february-8-2026/284635.json?league=nfl-game&slug=seahawks-patriots-score-odds-february-8-2026&gameId=284635,ed120658914a1f0659896927ec2686f7b86638f2f07af1efcbfaf8e69088a26b
Action Pod NFL Picks,ActionNetworkPodcast,-14.4877,22,76,0,unknown,Blue Gatorade Color,0,290,0.34,unit,Gatorade Color,@wheatonbrando https://myaction.app/Ddd6CewBx0b,284635,nfl,531954493,2439213,2026-02-06T15:45:09.767Z,2026-02-06T15:45:09.767Z,2026-02-06T19:38:15+00:00,https://www.actionnetwork.com/_next/data/gTrZYK5vb77eiGJDZHqrW/nfl-game/seahawks-patriots-score-odds-february-8-2026/284635.json?league=nfl-game&slug=seahawks-patriots-score-odds-february-8-2026&gameId=284635,826878e26f697f0b50b66619a4be071637f2dbb0a38041e2a2401d65b9fd6736
The Favorites Podcast,TheFavoritesPodcast,-7.7655,12,21,0,total,J.Bobo o0.5 Rec Yds,0.5,156,0.64,unit,Rec Yds, @KendraMiddleton_ https://myaction.app/JCqYTU9aw0b,284635,nfl,531855059,2439750,2026-02-05T19:09:42.874Z,2026-02-05T19:09:42.874Z,2026-02-06T19:38:15+00:00,https://www.actionnetwork.com/_next/data/gTrZYK5vb77eiGJDZHqrW/nfl-game/seahawks-patriots-score-odds-february-8-2026/284635.json?league=nfl-game&slug=seahawks-patriots-score-odds-february-8-2026&gameId=284635,4d4f0e8ff462c89222ae40a2394a6bbd7bf0581222f7196b4ac7d0a8608299f0
The Favorites Podcast,TheFavoritesPodcast,-7.7655,12,21,0,ml,C.Kupp Anytime TD Scorer Yes,0,260,0.38,unit,Anytime TD Scorer, @KendraMiddleton_ https://myaction.app/JCqYTU9aw0b,284635,nfl,531855060,2439750,2026-02-05T19:09:42.874Z,2026-02-05T19:09:42.874Z,2026-02-06T19:38:15+00:00,https://www.actionnetwork.com/_next/data/gTrZYK5vb77eiGJDZHqrW/nfl-game/seahawks-patriots-score-odds-february-8-2026/284635.json?league=nfl-game&slug=seahawks-patriots-score-odds-february-8-2026&gameId=284635,090be238893d63fc3f8f4dd9b913c558bc5e595cfedaf82bd399b53fef69063f
The Favorites Podcast,TheFavoritesPodcast,-7.7655,12,21,0,total,D.Maye o0.5 Int,0.5,-142,1.42,unit,Int, @KendraMiddleton_ https://myaction.app/JCqYTU9aw0b,284635,nfl,531855061,2439750,2026-02-05T19:09:42.874Z,2026-02-05T19:09:42.874Z,2026-02-06T19:38:15+00:00,https://www.actionnetwork.com/_next/data/gTrZYK5vb77eiGJDZHqrW/nfl-game/seahawks-patriots-score-odds-february-8-2026/284635.json?league=nfl-game&slug=seahawks-patriots-score-odds-february-8-2026&gameId=284635,a1a406d4573c5c54a81b0bf60220ed773f1a3f2319f43df4461f69340a20fa41
The Favorites Podcast,TheFavoritesPodcast,-7.7655,12,21,0,total,S.Darnold o0.5 Int,0.5,-138,1.38,unit,Int, @KendraMiddleton_ https://myaction.app/JCqYTU9aw0b,284635,nfl,531855062,2439750,2026-02-05T19:09:42.874Z,2026-02-05T19:09:42.874Z,2026-02-06T19:38:15+00:00,https://www.actionnetwork.com/_next/data/gTrZYK5vb77eiGJDZHqrW/nfl-game/seahawks-patriots-score-odds-february-8-2026/284635.json?league=nfl-game&slug=seahawks-patriots-score-odds-february-8-2026&gameId=284635,50d927532154903d7aa13bf344fbacf70849db9e65d74b55b20829bf2ce080d0
The Favorites Podcast,TheFavoritesPodcast,-7.7655,12,21,0,props,SEA u25.5,25.5,-115,1.15,unit,, @Stuckey2 https://myaction.app/JCqYTU9aw0b,284635,nfl,531855063,2439750,2026-02-05T19:09:42.874Z,2026-02-05T19:09:42.874Z,2026-02-06T19:38:15+00:00,https://www.actionnetwork.com/_next/data/gTrZYK5vb77eiGJDZHqrW/nfl-game/seahawks-patriots-score-odds-february-8-2026/284635.json?league=nfl-game&slug=seahawks-patriots-score-odds-february-8-2026&gameId=284635,ed75e6071ac365e7d15fdd38f695de8d2f7b8d3ebf44f02cd60682a2a4e3dc61
The Favorites Podcast,TheFavoritesPodcast,-7.7655,12,21,0,total,H.Henry o39.5 Rec Yds,39.5,-113,1.13,unit,Rec Yds, @Stuckey2 https://myaction.app/JCqYTU9aw0b,284635,nfl,531855064,2439750,2026-02-05T19:09:42.875Z,2026-02-05T19:09:42.874Z,2026-02-06T19:38:15+00:00,https://www.actionnetwork.com/_next/data/gTrZYK5vb77eiGJDZHqrW/nfl-game/seahawks-patriots-score-odds-february-8-2026/284635.json?league=nfl-game&slug=seahawks-patriots-score-odds-february-8-2026&gameId=284635,1770b7dbbff218bb96220e559e33bbba6022c31236e7c3cab0eb495fd389d65e
The Favorites Podcast,TheFavoritesPodcast,-7.7655,12,21,0,total,H.Henry o3.5 Recs,3.5,-136,1.36,unit,Recs, @Stuckey2 https://myaction.app/JCqYTU9aw0b,284635,nfl,531855065,2439750,2026-02-05T19:09:42.875Z,2026-02-05T19:09:42.875Z,2026-02-06T19:38:15+00:00,https://www.actionnetwork.com/_next/data/gTrZYK5vb77eiGJDZHqrW/nfl-game/seahawks-patriots-score-odds-february-8-2026/284635.json?league=nfl-game&slug=seahawks-patriots-score-odds-february-8-2026&gameId=284635,a7455976c176380b042f91c809effc20ee30e881b528c26f3a82d992e8be8b21
The Favorites Podcast,TheFavoritesPodcast,-7.7655,12,21,0,unknown,NE +4.5,4.5,-105,1.05,unit,, @BKPicks https://myaction.app/JCqYTU9aw0b,284635,nfl,531855066,2439750,2026-02-05T19:09:42.875Z,2026-02-05T19:09:42.875Z,2026-02-06T19:38:15+00:00,https://www.actionnetwork.com/_next/data/gTrZYK5vb77eiGJDZHqrW/nfl-game/seahawks-patriots-score-odds-february-8-2026/284635.json?league=nfl-game&slug=seahawks-patriots-score-odds-february-8-2026&gameId=284635,a9e6167ba4ef9330ed547099f4e3c15348723efc6d3ab464f4bc931e4997e5d2
The Favorites Podcast,TheFavoritesPodcast,-7.7655,12,21,0,unknown,Under 7.5 (1Q),7.5,-122,1.22,unit,, @BKPicks https://myaction.app/JCqYTU9aw0b,284635,nfl,531855067,2439750,2026-02-05T19:09:42.875Z,2026-02-05T19:09:42.875Z,2026-02-06T19:38:15+00:00,https://www.actionnetwork.com/_next/data/gTrZYK5vb77eiGJDZHqrW/nfl-game/seahawks-patriots-score-odds-february-8-2026/284635.json?league=nfl-game&slug=seahawks-patriots-score-odds-february-8-2026&gameId=284635,6b3a9de1313f26bb24b58c2f71302540d996564d60e628838733ceda9369e928
Mjaybrod,Mjaybrxd,9.197500000000002,50,50,3,ml,R.Stevenson Anytime TD Scorer Yes,0,140,0.5,unit,Anytime TD Scorer,Find paint ,284635,nfl,531894316,2446907,2026-02-05T23:37:34.276Z,2026-02-05T23:37:34.276Z,2026-02-06T19:38:15+00:00,https://www.actionnetwork.com/_next/data/gTrZYK5vb77eiGJDZHqrW/nfl-game/seahawks-patriots-score-odds-february-8-2026/284635.json?league=nfl-game&slug=seahawks-patriots-score-odds-february-8-2026&gameId=284635,c602b6d44513cfe97e5f9e6ee776e9aad4a295d2d83c21f8e2896efb016eaa22
Mjaybrod,Mjaybrxd,9.197500000000002,50,50,3,total,D.Maye o19.5 Pass Comp,19.5,-127,2,unit,Pass Comp,SB POD,284635,nfl,531894254,2446907,2026-02-05T23:37:18.864Z,2026-02-05T23:37:18.863Z,2026-02-06T19:38:15+00:00,https://www.actionnetwork.com/_next/data/gTrZYK5vb77eiGJDZHqrW/nfl-game/seahawks-patriots-score-odds-february-8-2026/284635.json?league=nfl-game&slug=seahawks-patriots-score-odds-february-8-2026&gameId=284635,eafe471fe5b35645ce3a5125c93fb4a25eb68d04cdf89481f17ba5661b885c10
Mjaybrod,Mjaybrxd,9.197500000000002,50,50,3,total,S.Darnold o0.5 Int,0.5,-135,1,unit,Int,Seeing ghosts ,284635,nfl,531894638,2446907,2026-02-05T23:38:41.263Z,2026-02-05T23:38:41.262Z,2026-02-06T19:38:15+00:00,https://www.actionnetwork.com/_next/data/gTrZYK5vb77eiGJDZHqrW/nfl-game/seahawks-patriots-score-odds-february-8-2026/284635.json?league=nfl-game&slug=seahawks-patriots-score-odds-february-8-2026&gameId=284635,66b953227cba2a59f18b0353532d72acce8446212aa29a521a03481402e47f8f
Mjaybrod,Mjaybrxd,9.197500000000002,50,50,3,unknown,Over 45.5,45.5,-110,0.5,unit,,46 points please,284635,nfl,531894882,2446907,2026-02-05T23:39:37.470Z,2026-02-05T23:39:37.470Z,2026-02-06T19:38:15+00:00,https://www.actionnetwork.com/_next/data/gTrZYK5vb77eiGJDZHqrW/nfl-game/seahawks-patriots-score-odds-february-8-2026/284635.json?league=nfl-game&slug=seahawks-patriots-score-odds-february-8-2026&gameId=284635,fdc6c8b381b4a6af46d59ff6e3c0b5965ecf0451380091b69e97521ed85052de
Mjaybrod,Mjaybrxd,9.197500000000002,50,50,3,total,D.Maye o1.5 Pass TDs,1.5,125,0.5,unit,Pass TDs,2 darts 2 cigs ,284635,nfl,531895053,2446907,2026-02-05T23:40:11.870Z,2026-02-05T23:40:11.870Z,2026-02-06T19:38:15+00:00,https://www.actionnetwork.com/_next/data/gTrZYK5vb77eiGJDZHqrW/nfl-game/seahawks-patriots-score-odds-february-8-2026/284635.json?league=nfl-game&slug=seahawks-patriots-score-odds-february-8-2026&gameId=284635,9b98e49f21e30db9e6f893b5b368bf803d13db5d190a350c36ae113f572f12ce
Mjaybrod,Mjaybrxd,9.197500000000002,50,50,3,ml,R.Stevenson 2+ TDs Yes,0,950,0.25,unit,2+ TDs,Find paint beast,284635,nfl,531896087,2446907,2026-02-05T23:43:38.882Z,2026-02-05T23:43:38.882Z,2026-02-06T19:38:15+00:00,https://www.actionnetwork.com/_next/data/gTrZYK5vb77eiGJDZHqrW/nfl-game/seahawks-patriots-score-odds-february-8-2026/284635.json?league=nfl-game&slug=seahawks-patriots-score-odds-february-8-2026&gameId=284635,b77b9e37324f78ebea2b42972cf599f81a5a2cf774a09ccc249d23d15dcd0d67
Mjaybrod,Mjaybrxd,9.197500000000002,50,50,3,total,R.Stevenson o12.5 Longest Reception,12.5,-120,0.5,unit,Longest Reception,Eat ,284635,nfl,531895551,2446907,2026-02-05T23:41:46.308Z,2026-02-05T23:41:46.308Z,2026-02-06T19:38:15+00:00,https://www.actionnetwork.com/_next/data/gTrZYK5vb77eiGJDZHqrW/nfl-game/seahawks-patriots-score-odds-february-8-2026/284635.json?league=nfl-game&slug=seahawks-patriots-score-odds-february-8-2026&gameId=284635,9c7a0491829e19f055ba151fec9d2ca3675eb39fee7d68104201e7c9a404ffd7
Cam Is Money,CamIsMoney18,-17.816399999999998,56,68,3,total,R.Stevenson o50.5 Rush Yds,50.5,-105,1,unit,Rush Yds,,284635,nfl,531932716,2715095,2026-02-06T04:06:14.494Z,2026-02-06T04:06:14.494Z,2026-02-06T19:38:15+00:00,https://www.actionnetwork.com/_next/data/gTrZYK5vb77eiGJDZHqrW/nfl-game/seahawks-patriots-score-odds-february-8-2026/284635.json?league=nfl-game&slug=seahawks-patriots-score-odds-february-8-2026&gameId=284635,048ee24dd5033283230bd3aaeabeb138dee6dafc68a38e3a16be04466e94519d
Cam Is Money,CamIsMoney18,-17.816399999999998,56,68,3,unknown,NE +5,5,-110,1,unit,,,284635,nfl,531932767,2715095,2026-02-06T04:06:55.645Z,2026-02-06T04:06:55.645Z,2026-02-06T19:38:15+00:00,https://www.actionnetwork.com/_next/data/gTrZYK5vb77eiGJDZHqrW/nfl-game/seahawks-patriots-score-odds-february-8-2026/284635.json?league=nfl-game&slug=seahawks-patriots-score-odds-february-8-2026&gameId=284635,076fdea997d45c383704a452e7feb103e6195a3e39668541e7d6ddc69eb3f5a0
💰🦡 Jake,moneybadger24_,19.5407,91,98,3,total,C.Kupp o3.5 Recs,3.5,145,0.75,unit,Recs,,284635,nfl,531843454,3227231,2026-02-05T16:52:35.184Z,2026-02-05T16:52:35.184Z,2026-02-06T19:38:15+00:00,https://www.actionnetwork.com/_next/data/gTrZYK5vb77eiGJDZHqrW/nfl-game/seahawks-patriots-score-odds-february-8-2026/284635.json?league=nfl-game&slug=seahawks-patriots-score-odds-february-8-2026&gameId=284635,07d958db187f6ab947289c58c444d03f17101b095b2dab3361e9e4d21b10490f
💰🦡 Jake,moneybadger24_,19.5407,91,98,3,unknown,Over 22.5 (1H),22.5,-102,1.53,unit,,,284635,nfl,531724172,3227231,2026-02-04T20:54:16.116Z,2026-02-04T20:54:16.116Z,2026-02-06T19:38:15+00:00,https://www.actionnetwork.com/_next/data/gTrZYK5vb77eiGJDZHqrW/nfl-game/seahawks-patriots-score-odds-february-8-2026/284635.json?league=nfl-game&slug=seahawks-patriots-score-odds-february-8-2026&gameId=284635,a234d2ca53384b1f521ec180f069eeb8f194ea7ce2c334864a73b42211ef3410
💰🦡 Jake,moneybadger24_,19.5407,91,98,3,total,D.Maye o37.5 Rush Yds,37.5,-110,1.1,unit,Rush Yds,,284635,nfl,531755089,3227231,2026-02-04T23:23:31.829Z,2026-02-04T23:23:31.829Z,2026-02-06T19:38:15+00:00,https://www.actionnetwork.com/_next/data/gTrZYK5vb77eiGJDZHqrW/nfl-game/seahawks-patriots-score-odds-february-8-2026/284635.json?league=nfl-game&slug=seahawks-patriots-score-odds-february-8-2026&gameId=284635,8f0addc8f5ee5efa5382e34334deddf53e79fb658fd26099ef69b051f57576f5
💰🦡 Jake,moneybadger24_,19.5407,91,98,3,unknown,SEA -3 (1H),-3,-109,1.09,unit,,,284635,nfl,531760748,3227231,2026-02-04T23:40:28.089Z,2026-02-04T23:40:28.089Z,2026-02-06T19:38:15+00:00,https://www.actionnetwork.com/_next/data/gTrZYK5vb77eiGJDZHqrW/nfl-game/seahawks-patriots-score-odds-february-8-2026/284635.json?league=nfl-game&slug=seahawks-patriots-score-odds-february-8-2026&gameId=284635,9a1778698804e58a84294debb971aa4b473825e4da469fdfae14cfd8049f9efb
💰🦡 Jake,moneybadger24_,19.5407,91,98,3,total,J.Smith-Njigba u94.5 Rec Yds,94.5,-111,1.11,unit,Rec Yds,,284635,nfl,531764575,3227231,2026-02-04T23:51:06.068Z,2026-02-04T23:51:06.068Z,2026-02-06T19:38:15+00:00,https://www.actionnetwork.com/_next/data/gTrZYK5vb77eiGJDZHqrW/nfl-game/seahawks-patriots-score-odds-february-8-2026/284635.json?league=nfl-game&slug=seahawks-patriots-score-odds-february-8-2026&gameId=284635,b3a152c174fa11344dd9ea637f784d7ab23371b3e27d720eeaea8722e08d202e
💰🦡 Jake,moneybadger24_,19.5407,91,98,3,ml,R.Shaheed Anytime TD Scorer Yes,0,375,0.3,unit,Anytime TD Scorer,,284635,nfl,531767650,3227231,2026-02-04T23:59:03.346Z,2026-02-04T23:59:03.346Z,2026-02-06T19:38:15+00:00,https://www.actionnetwork.com/_next/data/gTrZYK5vb77eiGJDZHqrW/nfl-game/seahawks-patriots-score-odds-february-8-2026/284635.json?league=nfl-game&slug=seahawks-patriots-score-odds-february-8-2026&gameId=284635,166332075a2847f8342d071b1b7be2b2a3b305d755c7d117ca622f3f052503aa
Alex Hinton,AlHinton_23,-10.7293,17,51,1,unknown,K.Walker 20+ Receiving Yards Yes,20,-138,1.08,unit,20+ Receiving Yards,,284635,nfl,531937138,3371187,2026-02-06T05:42:38.319Z,2026-02-06T05:42:38.319Z,2026-02-06T19:38:15+00:00,https://www.actionnetwork.com/_next/data/gTrZYK5vb77eiGJDZHqrW/nfl-game/seahawks-patriots-score-odds-february-8-2026/284635.json?league=nfl-game&slug=seahawks-patriots-score-odds-february-8-2026&gameId=284635,f599befd198fc880f990f3ee99047a635c5d16868eb4e7d6e096df067b411924
Alex Hinton,AlHinton_23,-10.7293,17,51,1,total,J.Bobo o0.5 Rec Yds,0.5,180,1,unit,Rec Yds,,284635,nfl,531937206,3371187,2026-02-06T05:44:26.078Z,2026-02-06T05:44:26.078Z,2026-02-06T19:38:15+00:00,https://www.actionnetwork.com/_next/data/gTrZYK5vb77eiGJDZHqrW/nfl-game/seahawks-patriots-score-odds-february-8-2026/284635.json?league=nfl-game&slug=seahawks-patriots-score-odds-february-8-2026&gameId=284635,8e099349be0be25c3d29152380f1f99cfe454fd5acd0df01b524b496048d34b0
Babs .,Theotherbabs,-3.6526000000000005,46,45,0,unknown,Over 21.5 (2H),21.5,-118,2,unit,,,284635,nfl,530690140,4147768,2026-01-28T17:26:51.519Z,2026-01-28T17:26:51.519Z,2026-02-06T19:38:15+00:00,https://www.actionnetwork.com/_next/data/gTrZYK5vb77eiGJDZHqrW/nfl-game/seahawks-patriots-score-odds-february-8-2026/284635.json?league=nfl-game&slug=seahawks-patriots-score-odds-february-8-2026&gameId=284635,70ddf3b32bf5a5e322c7b9a420709e928cd129ce36ba748944334990d6c7f50c
Babs .,Theotherbabs,-3.6526000000000005,46,45,0,total,E.Arroyo u0.5 Rec Yds,0.5,-115,1,unit,Rec Yds,,284635,nfl,530980019,4147768,2026-01-30T17:56:22.309Z,2026-01-30T17:56:22.309Z,2026-02-06T19:38:15+00:00,https://www.actionnetwork.com/_next/data/gTrZYK5vb77eiGJDZHqrW/nfl-game/seahawks-patriots-score-odds-february-8-2026/284635.json?league=nfl-game&slug=seahawks-patriots-score-odds-february-8-2026&gameId=284635,c183616ac9dc9daebe47656a0ad8b80c099402fc436ced2cd0ae29b1442416b5
Babs .,Theotherbabs,-3.6526000000000005,46,45,0,total,T.Henderson o0.5 Longest Reception,0.5,-110,1,unit,Longest Reception,,284635,nfl,530981026,4147768,2026-01-30T18:07:37.089Z,2026-01-30T18:07:37.089Z,2026-02-06T19:38:15+00:00,https://www.actionnetwork.com/_next/data/gTrZYK5vb77eiGJDZHqrW/nfl-game/seahawks-patriots-score-odds-february-8-2026/284635.json?league=nfl-game&slug=seahawks-patriots-score-odds-february-8-2026&gameId=284635,cfe0aac383ad7991b966627b97827da6817973c4cff6fcc0ebe29e4e9d6b3ec8
Babs .,Theotherbabs,-3.6526000000000005,46,45,0,total,D.Maye o0.5 Int,0.5,-120,1,unit,Int,,284635,nfl,530867008,4147768,2026-01-29T20:42:55.317Z,2026-01-29T20:42:55.317Z,2026-02-06T19:38:15+00:00,https://www.actionnetwork.com/_next/data/gTrZYK5vb77eiGJDZHqrW/nfl-game/seahawks-patriots-score-odds-february-8-2026/284635.json?league=nfl-game&slug=seahawks-patriots-score-odds-february-8-2026&gameId=284635,057f67beff229559e180bef415cb496dd40a054adeb958a0c0be7f751e5416c8
Babs .,Theotherbabs,-3.6526000000000005,46,45,0,total,D.Maye o13.5 Longest Rush,13.5,-105,1,unit,Longest Rush,,284635,nfl,530867023,4147768,2026-01-29T20:43:01.723Z,2026-01-29T20:43:01.723Z,2026-02-06T19:38:15+00:00,https://www.actionnetwork.com/_next/data/gTrZYK5vb77eiGJDZHqrW/nfl-game/seahawks-patriots-score-odds-february-8-2026/284635.json?league=nfl-game&slug=seahawks-patriots-score-odds-february-8-2026&gameId=284635,9184273eb70793144bb4e6ebcb843bb2568af2ac6025f0c665e4cf84b6db03e0
Babs .,Theotherbabs,-3.6526000000000005,46,45,0,total,K.Walker u2.5 Recs,2.5,107,1,unit,Recs,,284635,nfl,531324841,4147768,2026-02-01T16:33:49.218Z,2026-02-01T16:33:49.218Z,2026-02-06T19:38:15+00:00,https://www.actionnetwork.com/_next/data/gTrZYK5vb77eiGJDZHqrW/nfl-game/seahawks-patriots-score-odds-february-8-2026/284635.json?league=nfl-game&slug=seahawks-patriots-score-odds-february-8-2026&gameId=284635,f8dc0539e9149cadeb59619d846a0fdb4c2b32bc3079ddbce7a8f661d1e6fd80
Babs .,Theotherbabs,-3.6526000000000005,46,45,0,total,M.Hollins u2.5 Recs,2.5,-120,1,unit,Recs,,284635,nfl,531326356,4147768,2026-02-01T16:40:47.346Z,2026-02-01T16:40:47.346Z,2026-02-06T19:38:15+00:00,https://www.actionnetwork.com/_next/data/gTrZYK5vb77eiGJDZHqrW/nfl-game/seahawks-patriots-score-odds-february-8-2026/284635.json?league=nfl-game&slug=seahawks-patriots-score-odds-february-8-2026&gameId=284635,006267b7849fab9c6baa09762e089c1ff1cfd9d3802345a30a08806251b7a57a
Kendra Middleton,KendraMiddleton_,-0.8373000000000002,6,6,0,total,A.Hooper o0.5 Recs,0.5,-190,1,unit,Recs,,284635,nfl,531553254,4705297,2026-02-03T16:27:11.456Z,2026-02-03T16:27:11.456Z,2026-02-06T19:38:15+00:00,https://www.actionnetwork.com/_next/data/gTrZYK5vb77eiGJDZHqrW/nfl-game/seahawks-patriots-score-odds-february-8-2026/284635.json?league=nfl-game&slug=seahawks-patriots-score-odds-february-8-2026&gameId=284635,04f1c688868c784f06a5f56b57dbfd89b6a0723054e101b6d5a926cf6e886f73
Kendra Middleton,KendraMiddleton_,-0.8373000000000002,6,6,0,total,D.Lawrence o0.5 Sacks,0.5,120,0.5,unit,Sacks,,284635,nfl,531555316,4705297,2026-02-03T16:52:37.535Z,2026-02-03T16:52:37.535Z,2026-02-06T19:38:15+00:00,https://www.actionnetwork.com/_next/data/gTrZYK5vb77eiGJDZHqrW/nfl-game/seahawks-patriots-score-odds-february-8-2026/284635.json?league=nfl-game&slug=seahawks-patriots-score-odds-february-8-2026&gameId=284635,877c89eda398708845df66b3f620c8cfaffa5c779607a82dd349481f6e8a411e
Kendra Middleton,KendraMiddleton_,-0.8373000000000002,6,6,0,ml,C.Kupp Anytime TD Scorer Yes,0,280,0.5,unit,Anytime TD Scorer,,284635,nfl,531555720,4705297,2026-02-03T16:56:49.157Z,2026-02-03T16:56:49.157Z,2026-02-06T19:38:15+00:00,https://www.actionnetwork.com/_next/data/gTrZYK5vb77eiGJDZHqrW/nfl-game/seahawks-patriots-score-odds-february-8-2026/284635.json?league=nfl-game&slug=seahawks-patriots-score-odds-february-8-2026&gameId=284635,c06547c7f7669c727983b031f7a23e9a2a8a011b3318e36afd88222375bca06f
Kendra Middleton,KendraMiddleton_,-0.8373000000000002,6,6,0,total,J.Bobo o0.5 Rec Yds,0.5,180,1,unit,Rec Yds,,284635,nfl,531642450,4705297,2026-02-04T01:48:05.574Z,2026-02-04T01:48:05.574Z,2026-02-06T19:38:15+00:00,https://www.actionnetwork.com/_next/data/gTrZYK5vb77eiGJDZHqrW/nfl-game/seahawks-patriots-score-odds-february-8-2026/284635.json?league=nfl-game&slug=seahawks-patriots-score-odds-february-8-2026&gameId=284635,af5a4e2f08114cf41750867dcfd9e170cdf39a89be641d2adda37076491bbf33
Kendra Middleton,KendraMiddleton_,-0.8373000000000002,6,6,0,total,D.Maye o37.5 Rush Yds,37.5,-110,1,unit,Rush Yds,,284635,nfl,531330861,4705297,2026-02-01T17:00:01.211Z,2026-02-01T17:00:01.211Z,2026-02-06T19:38:15+00:00,https://www.actionnetwork.com/_next/data/gTrZYK5vb77eiGJDZHqrW/nfl-game/seahawks-patriots-score-odds-february-8-2026/284635.json?league=nfl-game&slug=seahawks-patriots-score-odds-february-8-2026&gameId=284635,cd9b084a108238e8e6d1329b9b95814816dc4c989a9bdfbf11997a80bf9b9aec
Kendra Middleton,KendraMiddleton_,-0.8373000000000002,6,6,0,total,S.Darnold o0.5 Int,0.5,-128,1,unit,Int,,284635,nfl,531330925,4705297,2026-02-01T17:00:13.449Z,2026-02-01T17:00:13.449Z,2026-02-06T19:38:15+00:00,https://www.actionnetwork.com/_next/data/gTrZYK5vb77eiGJDZHqrW/nfl-game/seahawks-patriots-score-odds-february-8-2026/284635.json?league=nfl-game&slug=seahawks-patriots-score-odds-february-8-2026&gameId=284635,a200b0d4111af7773d6a555718ab9dd4b38c1744c13a9bdccda287197c57feca
Kendra Middleton,KendraMiddleton_,-0.8373000000000002,6,6,0,total,D.Maye o0.5 Int,0.5,-150,1,unit,Int,,284635,nfl,531330938,4705297,2026-02-01T17:00:17.222Z,2026-02-01T17:00:17.222Z,2026-02-06T19:38:15+00:00,https://www.actionnetwork.com/_next/data/gTrZYK5vb77eiGJDZHqrW/nfl-game/seahawks-patriots-score-odds-february-8-2026/284635.json?league=nfl-game&slug=seahawks-patriots-score-odds-february-8-2026&gameId=284635,847c77e9c0ef0aea55b0b546d494c698ec8cf251c166ee179f4bb063b888d3b4
Kendra Middleton,KendraMiddleton_,-0.8373000000000002,6,6,0,total,S.Darnold o0.5 Int,0.5,-128,1,unit,Int,,284635,nfl,531330954,4705297,2026-02-01T17:00:21.916Z,2026-02-01T17:00:21.916Z,2026-02-06T19:38:15+00:00,https://www.actionnetwork.com/_next/data/gTrZYK5vb77eiGJDZHqrW/nfl-game/seahawks-patriots-score-odds-february-8-2026/284635.json?league=nfl-game&slug=seahawks-patriots-score-odds-february-8-2026&gameId=284635,7548ad1905febd950e27d3c479b4d02223c137a888e110e9120228e831dc4fef
Kendra Middleton,KendraMiddleton_,-0.8373000000000002,6,6,0,total,D.Maye o0.5 Int,0.5,-150,1,unit,Int,,284635,nfl,531330955,4705297,2026-02-01T17:00:21.916Z,2026-02-01T17:00:21.916Z,2026-02-06T19:38:15+00:00,https://www.actionnetwork.com/_next/data/gTrZYK5vb77eiGJDZHqrW/nfl-game/seahawks-patriots-score-odds-february-8-2026/284635.json?league=nfl-game&slug=seahawks-patriots-score-odds-february-8-2026&gameId=284635,cb8c8ad5e8e8b33cae14b9fad0b422e002629e3f3e28d0bcf8908c309dd4cd92
Kendra Middleton,KendraMiddleton_,-0.8373000000000002,6,6,0,unknown,Heads Coin Toss Outcome,0,-102,0.25,unit,Coin Toss Outcome,,284635,nfl,531930594,4705297,2026-02-06T03:34:59.758Z,2026-02-06T03:34:59.758Z,2026-02-06T19:38:15+00:00,https://www.actionnetwork.com/_next/data/gTrZYK5vb77eiGJDZHqrW/nfl-game/seahawks-patriots-score-odds-february-8-2026/284635.json?league=nfl-game&slug=seahawks-patriots-score-odds-february-8-2026&gameId=284635,76bdc2897e4e80e91879a1056ed36145171d46492c54a58bb839c2a8474ec2f6
TAN Pod Touchdown Show,TouchdownShow,4.1372,13,28,0,ml,J.Smith-Njigba Anytime TD Scorer Yes,0,-110,0.5,unit,Anytime TD Scorer, @GDAWG5000 https://myaction.app/I7uNI1OBx0b,284635,nfl,531954916,4759104,2026-02-06T15:50:30.840Z,2026-02-06T15:50:30.840Z,2026-02-06T19:38:15+00:00,https://www.actionnetwork.com/_next/data/gTrZYK5vb77eiGJDZHqrW/nfl-game/seahawks-patriots-score-odds-february-8-2026/284635.json?league=nfl-game&slug=seahawks-patriots-score-odds-february-8-2026&gameId=284635,5ab7e14382cf69ba89a4e5a8c104e3b3ed6721301484e35fc2dd1891244cf3d5
TAN Pod Touchdown Show,TouchdownShow,4.1372,13,28,0,ml,J.Smith-Njigba 2+ TDs Yes,0,650,0.5,unit,2+ TDs, @ChrisRaybon https://myaction.app/I7uNI1OBx0b,284635,nfl,531954918,4759104,2026-02-06T15:50:30.840Z,2026-02-06T15:50:30.840Z,2026-02-06T19:38:15+00:00,https://www.actionnetwork.com/_next/data/gTrZYK5vb77eiGJDZHqrW/nfl-game/seahawks-patriots-score-odds-february-8-2026/284635.json?league=nfl-game&slug=seahawks-patriots-score-odds-february-8-2026&gameId=284635,332b9fae5665ceb96bd30a541415ab027ae667fd8c97fb21fcb0d29699259015
TAN Pod Touchdown Show,TouchdownShow,4.1372,13,28,0,ml,D.Maye Anytime TD Scorer Yes,0,280,0.5,unit,Anytime TD Scorer, @ChrisRaybon @GDAWG5000 https://myaction.app/I7uNI1OBx0b,284635,nfl,531954917,4759104,2026-02-06T15:50:30.840Z,2026-02-06T15:50:30.840Z,2026-02-06T19:38:15+00:00,https://www.actionnetwork.com/_next/data/gTrZYK5vb77eiGJDZHqrW/nfl-game/seahawks-patriots-score-odds-february-8-2026/284635.json?league=nfl-game&slug=seahawks-patriots-score-odds-february-8-2026&gameId=284635,5a03bdfc416f51b11a79324db730beb77cd8394135b3c92210500ffba56d100f
TAN Pod Touchdown Show,TouchdownShow,4.1372,13,28,0,ml,J.Bobo Anytime TD Scorer Yes,0,1100,0.1,unit,Anytime TD Scorer, @GDAWG5000 https://myaction.app/I7uNI1OBx0b,284635,nfl,531955037,4759104,2026-02-06T15:51:57.052Z,2026-02-06T15:51:57.052Z,2026-02-06T19:38:15+00:00,https://www.actionnetwork.com/_next/data/gTrZYK5vb77eiGJDZHqrW/nfl-game/seahawks-patriots-score-odds-february-8-2026/284635.json?league=nfl-game&slug=seahawks-patriots-score-odds-february-8-2026&gameId=284635,f864b21125fb54114cbbe7e41748b7fd6058883382b520ec96ff00063443e67b
TAN Pod Touchdown Show,TouchdownShow,4.1372,13,28,0,ml,A.Barner Anytime TD Scorer Yes,0,250,0.5,unit,Anytime TD Scorer, @The_Oddsmaker https://myaction.app/I7uNI1OBx0b,284635,nfl,531954913,4759104,2026-02-06T15:50:30.839Z,2026-02-06T15:50:30.839Z,2026-02-06T19:38:15+00:00,https://www.actionnetwork.com/_next/data/gTrZYK5vb77eiGJDZHqrW/nfl-game/seahawks-patriots-score-odds-february-8-2026/284635.json?league=nfl-game&slug=seahawks-patriots-score-odds-february-8-2026&gameId=284635,4e2cae0f00114af4f4c2a5b7db57f926b277cb3bec928366b4e118015bc59025
TAN Pod Touchdown Show,TouchdownShow,4.1372,13,28,0,ml,H.Henry Anytime TD Scorer Yes,0,240,0.5,unit,Anytime TD Scorer, @The_Oddsmaker https://myaction.app/I7uNI1OBx0b,284635,nfl,531954914,4759104,2026-02-06T15:50:30.840Z,2026-02-06T15:50:30.840Z,2026-02-06T19:38:15+00:00,https://www.actionnetwork.com/_next/data/gTrZYK5vb77eiGJDZHqrW/nfl-game/seahawks-patriots-score-odds-february-8-2026/284635.json?league=nfl-game&slug=seahawks-patriots-score-odds-february-8-2026&gameId=284635,859a6e0dde2166c2790d5bfaacefc01d5c7d7de59ac5f8a9e477e355aa508ab2
TAN Pod Touchdown Show,TouchdownShow,4.1372,13,28,0,ml,K.Walker Anytime TD Scorer Yes,0,-175,0.5,unit,Anytime TD Scorer, @GDAWG5000 https://myaction.app/I7uNI1OBx0b,284635,nfl,531954915,4759104,2026-02-06T15:50:30.840Z,2026-02-06T15:50:30.840Z,2026-02-06T19:38:15+00:00,https://www.actionnetwork.com/_next/data/gTrZYK5vb77eiGJDZHqrW/nfl-game/seahawks-patriots-score-odds-february-8-2026/284635.json?league=nfl-game&slug=seahawks-patriots-score-odds-february-8-2026&gameId=284635,3987eb993cbf829df3924fe55928def1da4384eb2728e30d46a97ea6cd4c3e38
TAN Pod Touchdown Show,TouchdownShow,4.1372,13,28,0,ml,J.Westover Anytime TD Scorer Yes,0,4000,0.1,unit,Anytime TD Scorer, @The_Oddsmaker https://myaction.app/I7uNI1OBx0b,284635,nfl,531955038,4759104,2026-02-06T15:51:57.052Z,2026-02-06T15:51:57.052Z,2026-02-06T19:38:15+00:00,https://www.actionnetwork.com/_next/data/gTrZYK5vb77eiGJDZHqrW/nfl-game/seahawks-patriots-score-odds-february-8-2026/284635.json?league=nfl-game&slug=seahawks-patriots-score-odds-february-8-2026&gameId=284635,50461545e33b164aa55b3fb6cb41fa3f4418d7bd6311c4838fa8f5083413f9a3
TAN Pod Touchdown Show,TouchdownShow,4.1372,13,28,0,ml,E.Arroyo Anytime TD Scorer Yes,0,1000,0.1,unit,Anytime TD Scorer, @ChrisRaybon https://myaction.app/I7uNI1OBx0b,284635,nfl,531955039,4759104,2026-02-06T15:51:57.052Z,2026-02-06T15:51:57.052Z,2026-02-06T19:38:15+00:00,https://www.actionnetwork.com/_next/data/gTrZYK5vb77eiGJDZHqrW/nfl-game/seahawks-patriots-score-odds-february-8-2026/284635.json?league=nfl-game&slug=seahawks-patriots-score-odds-february-8-2026&gameId=284635,37ec046558a79d5272102c82fab88db24230e652894d04a8c0f991c70eebd6c7
